Workbook

Sheet Participants
A1: 🏹 1ST GREENPARK ARCHERY TOURNAMENT — PARTICIPANT REGISTRY
A2: June 12, 2026 | Pasig Greenpark Village Clubhouse, 137 Sydney, Pasig, Metro Manila
A3: # | B3: Archer's Full Name | C3: Age | D3: Category | E3: Bow | F3: Club / Barangay | G3: Target | H3: Contact | I3: Equipment | J3: Payment | K3: Ref # | L3: Amount | M3: Remarks
A4: 1 | B4: Joseph Nesortado Naoe | D4: Open 30-Meter | E4: Barebow | F4: DMZ
A5: 2 | B5: Jebbrich Tan Lim | D5: Open 30-Meter | E5: Barebow | F5: Attack Arena
A6: 3 | B6: Zhean Benito | D6: Open 30-Meter | E6: Olympic Recurve | F6: Attack Arena
A7: 4 | B7: Allan Robert Aruego | D7: Open 30-Meter | E7: Olympic Recurve | F7: Attack Arena
A8: 5 | B8: Sheena Marie Monico | D8: Open 30-Meter | E8: Olympic Recurve | F8: Pasig AC
A9: 6 | B9: Stella Mae Magalang | D9: Open 30-Meter | E9: Olympic Recurve | F9: Buting
A10: 7 | B10: Aizen Zainna Quiellan M. Riego | D10: Open 30-Meter | E10: Olympic Recurve | F10: PAC Maybunga
A11: 8 | B11: Leira Maxene Lagrimas | D11: Open 30-Meter | E11: Olympic Recurve | F11: Brgy. Sta Lucia
A12: 9 | B12: Jasmine Eizelle P. Dipad | D12: Open 30-Meter | E12: Olympic Recurve | F12: N/A
A13: 10 | B13: Allan Chew | D13: Open 30-Meter | E13: Olympic Recurve | F13: Attack Arena
A14: 11 | B14: Myckhielle Joji Tan | D14: Open 30-Meter | E14: Olympic Recurve | F14: Attack Arena
A15: 12 | B15: Sheena Marie Monico | D15: Beginner Advance 15-Meter | E15: Olympic Recurve | F15: Pasig AC
... A22: 19 | B22: Kyara Lorielle Zate | D22: Novice 15-Meter | E22: Olympic Recurve | F22: Pasig Greenpark AC

Sheet Settings
A1: ⚙️ TOURNAMENT SETTINGS & REFERENCE
A2: Reference only. Format is set per-category in each Team Assembly sheet.
A3: Term | B3: Explanation
A4: Dynamic Participants | B4: Add new archer in Scoring sheet (blank row, col B). They auto-appear in Team dropdowns. Scores, Ranks, Seeds, Brackets, Scoresheets all update instantly.
A5: Custom Team Name | B5: For Double or Team format: type your custom team name in Col B of Team Assembly. The formula pre-fills as 'Entry N' — just overwrite with your team name. Bracket shows this custom name.
A6: Rank in Bracket | B6: Seed badge (#N) shown in the first narrow column of each match slot. Entry name shows in the wide column beside it. Both auto-fill from Team Assembly.
A7: Target Assignment | B7: Set the target range (cells D5 'from' and E5 'to') on each Scoring sheet — column E auto-assigns each archer a target number from that range, in order. If the total number of archers fits within the range (e.g. range 3-6, up to 4 archers), everyone gets plain numbers (3,4,5,6). If there are MORE archers than numbers in the range, EVERY archer (including the first batch) gets a letter suffix that cycles A,B,C,... per pass through the range (3A,4A,5A,6A, then 3B,4B,5B,6B, ...) so the format stays consistent across the whole sheet. Auto-propagates to Scoresheet (viewer tab).
A8: Bracket Target Assignment | B8: Each Bracket sheet has its own target range input (top-left of row 2, 'Use Target #s from/to', default 3-6). Every player has their own target cell directly below their seed badge (#) in the bracket. EACH ROUND (R16, QF, SF, Final/3rd) is INDEPENDENT — the range always restarts from the beginning for each round. Within a round, the rule is: if the range size R >= the number of matches in that round, each match gets a UNIQUE target number (no letter suffix), with top player shown as '<num> L' (Left) and bottom as '<num> R' (Right). If R < number of matches, matches cycle through the range with letter suffixes: A = Left (top player), B = Right (bottom player). Letters ALWAYS reset to A/B for each round — they never continue as C/D from a previous round. Example with range 1-8 (R=8): R16 (8 matches, R=8 → unique: 1L/1R, 2L/2R...8L/8R), QF (4 matches, R=8≥4 → unique restarts: 1L/1R, 2L/2R, 3L/3R, 4L/4R), SF (2 matches, R=8≥2 → unique restarts: 1L/1R, 2L/2R), Final+3rd (1+1 match → 1L/1R and 2L/2R). All target cells are pre-filled with a formula but can be typed over to set a different target manually, same as the Scoring sheet's Target column. For QF/SF/Final/3rd-place matches, the target cells stay blank until both competitors in that match are determined (not TBD/BYE).
A9: Club / Barangay | B9: Entered in Scoring sheet col D. Auto-carried to Team Assembly, Bracket, and Scoresheet.
A10: Scoresheet (viewer) | B10: Live-linked to Scoring tab. Print after scores are final and hand to participants. Shows rank, all arrow scores, end totals, and final rank.
A11: Olympic Card | B11: Live-linked to Bracket tab. Print before/after each round for match officials. Shows set scores, set points, and match status per competitor.
A12: Shoot-off | B12: Enter 1-arrow score in orange Shoot-Off column of Scoring sheet. FINAL RANK and Seed update automatically. Higher score = closer to X = better rank.
A13: Seeding | B13: 1v16, 8v9, 5v12, 4v13, 3v14, 6v11, 7v10, 2v15 (WA standard R16 draw).
A14: BYE Rule (WA §10) | B14: Mark BYE=Yes in Team Assembly col L. Bracket shows 🟡 BYE. Opponent auto-advances.

Sheet Open 30M - Scoring
A1: 🏹 OPEN 30-METER — QUALIFICATION SCORING (36 Arrows)
A2: Date: June 12, 2026 | Distance: 30m | WA Rules §9.4 | 0–10 or X
A3: INSTRUCTIONS: Enter 0–10 or X in yellow cells. Add archers in next empty row — formulas auto-extend. Shoot-off (orange col): fill ONLY for tied archers. FINAL RANK = official bracket seed.
A4: # | B4: Archer's Full Name | C4: Bow | D4: Club / Barangay | E4: Target | F4: End 1 (6 arrows) | L4: End 2 (6 arrows) | R4: End 3 (6 arrows) | X4: End 4 (6 arrows) | AD4: End 5 (6 arrows) | AJ4: End 6 (6 arrows) | AP4: END SUBTOTALS | AV4: RESULTS SUMMARY
A5: Use Target #s → (from / to) | D5: 3 | E5: 6 | F5: A1 | G5: A2 | H5: A3 | I5: A4 | J5: A5 | K5: A6 | L5: A7 | M5: A8 | N5: A9 | O5: A10 | P5: A11 | Q5: A12 | R5: A13 | S5: A14 | T5: A15 | U5: A16 | V5: A17 | W5: A18 | X5: A19 | Y5: A20 | Z5: A21 | AA5: A22 | AB5: A23 | AC5: A24 | AD5: A25 | AE5: A26 | AF5: A27 | AG5: A28 | AH5: A29 | AI5: A30 | AJ5: A31 | AK5: A32 | AL5: A33 | AM5: A34 | AN5: A35 | AO5: A36 | AP5: E1 | AQ5: E2 | AR5: E3 | AS5: E4 | AT5: E5 | AU5: E6 | AV5: TOTAL | AW5: X | AX5: 10s | AY5: 9s | AZ5: RANK* (prelim) | BA5: SHOOT-OFF (1 arrow) | BB5: FINAL RANK
A6: =IF(B6<>"",COUNTA($B$6:B6),"") -> 1 | B6: Joseph Nesortado Naoe | C6: Barebow | D6: DMZ | E6: =IF(B6="","",IF(COUNTA($B$6:$B$69)<=(E5-D5+1),(D5+MOD(A6-1,(E5-D5+1))),(D5+MOD(A6-1,(E5-D5+1)))&CHAR(65+FLOOR((A6-1)/(E5-D5+1),1)))) -> 3A | AP6: =IF(B6<>"",IF(F6="X",10,IF(F6="M",0,IF(ISNUMBER(F6),F6,0)))+IF(G6="X",10,IF(G6="M",0,IF(ISNUMBER(G6),G6,0)))+IF(H6="X",10,IF(H6="M",0,IF(ISNUMBER(H6),H6,0)))+IF(I6="X",10,IF(I6="M",0,IF(ISNUMBER(I6),I6,0)))+IF(J6="X",10,IF(J6="M",0,IF(ISNUMBER(J6),J6,0)))+IF(K6="X",10,IF(K6="M",0,IF(ISNUMBER(K6),K6,0))),"") -> 0 | AQ6: =IF(B6<>"",IF(L6="X",10,IF(L6="M",0,IF(ISNUMBER(L6),L6,0)))+IF(M6="X",10,IF(M6="M",0,IF(ISNUMBER(M6),M6,0)))+IF(N6="X",10,IF(N6="M",0,IF(ISNUMBER(N6),N6,0)))+IF(O6="X",10,IF(O6="M",0,IF(ISNUMBER(O6),O6,0)))+IF(P6="X",10,IF(P6="M",0,IF(ISNUMBER(P6),P6,0)))+IF(Q6="X",10,IF(Q6="M",0,IF(ISNUMBER(Q6),Q6,0))),"") -> 0 | AR6: =IF(B6<>"",IF(R6="X",10,IF(R6="M",0,IF(ISNUMBER(R6),R6,0)))+IF(S6="X",10,IF(S6="M",0,IF(ISNUMBER(S6),S6,0)))+IF(T6="X",10,IF(T6="M",0,IF(ISNUMBER(T6),T6,0)))+IF(U6="X",10,IF(U6="M",0,IF(ISNUMBER(U6),U6,0)))+IF(V6="X",10,IF(V6="M",0,IF(ISNUMBER(V6),V6,0)))+IF(W6="X",10,IF(W6="M",0,IF(ISNUMBER(W6),W6,0))),"") -> 0 | AS6: =IF(B6<>"",IF(X6="X",10,IF(X6="M",0,IF(ISNUMBER(X6),X6,0)))+IF(Y6="X",10,IF(Y6="M",0,IF(ISNUMBER(Y6),Y6,0)))+IF(Z6="X",10,IF(Z6="M",0,IF(ISNUMBER(Z6),Z6,0)))+IF(AA6="X",10,IF(AA6="M",0,IF(ISNUMBER(AA6),AA6,0)))+IF(AB6="X",10,IF(AB6="M",0,IF(ISNUMBER(AB6),AB6,0)))+IF(AC6="X",10,IF(AC6="M",0,IF(ISNUMBER(AC6),AC6,0))),"") -> 0 | AT6: =IF(B6<>"",IF(AD6="X",10,IF(AD6="M",0,IF(ISNUMBER(AD6),AD6,0)))+IF(AE6="X",10,IF(AE6="M",0,IF(ISNUMBER(AE6),AE6,0)))+IF(AF6="X",10,IF(AF6="M",0,IF(ISNUMBER(AF6),AF6,0)))+IF(AG6="X",10,IF(AG6="M",0,IF(ISNUMBER(AG6),AG6,0)))+IF(AH6="X",10,IF(AH6="M",0,IF(ISNUMBER(AH6),AH6,0)))+IF(AI6="X",10,IF(AI6="M",0,IF(ISNUMBER(AI6),AI6,0))),"") -> 0 | AU6: =IF(B6<>"",IF(AJ6="X",10,IF(AJ6="M",0,IF(ISNUMBER(AJ6),AJ6,0)))+IF(AK6="X",10,IF(AK6="M",0,IF(ISNUMBER(AK6),AK6,0)))+IF(AL6="X",10,IF(AL6="M",0,IF(ISNUMBER(AL6),AL6,0)))+IF(AM6="X",10,IF(AM6="M",0,IF(ISNUMBER(AM6),AM6,0)))+IF(AN6="X",10,IF(AN6="M",0,IF(ISNUMBER(AN6),AN6,0)))+IF(AO6="X",10,IF(AO6="M",0,IF(ISNUMBER(AO6),AO6,0))),"") -> 0 | AV6: =IF(B6<>"",AP6+AQ6+AR6+AS6+AT6+AU6,"") -> 0 | AW6: =IF(B6<>"",IF(F6="X",1,0)+IF(G6="X",1,0)+IF(H6="X",1,0)+IF(I6="X",1,0)+IF(J6="X",1,0)+IF(K6="X",1,0)+IF(L6="X",1,0)+IF(M6="X",1,0)+IF(N6="X",1,0)+IF(O6="X",1,0)+IF(P6="X",1,0)+IF(Q6="X",1,0)+IF(R6="X",1,0)+IF(S6="X",1,0)+IF(T6="X",1,0)+IF(U6="X",1,0)+IF(V6="X",1,0)+IF(W6="X",1,0)+IF(X6="X",1,0)+IF(Y6="X",1,0)+IF(Z6="X",1,0)+IF(AA6="X",1,0)+IF(AB6="X",1,0)+IF(AC6="X",1,0)+IF(AD6="X",1,0)+IF(AE6="X",1,0)+IF(AF6="X",1,0)+IF(AG6="X",1,0)+IF(AH6="X",1,0)+IF(AI6="X",1,0)+IF(AJ6="X",1,0)+IF(AK6="X",1,0)+IF(AL6="X",1,0)+IF(AM6="X",1,0)+IF(AN6="X",1,0)+IF(AO6="X",1,0),"") -> 0 | AX6: =IF(B6<>"",IF(OR(F6="X",F6=10),1,0)+IF(OR(G6="X",G6=10),1,0)+IF(OR(H6="X",H6=10),1,0)+IF(OR(I6="X",I6=10),1,0)+IF(OR(J6="X",J6=10),1,0)+IF(OR(K6="X",K6=10),1,0)+IF(OR(L6="X",L6=10),1,0)+IF(OR(M6="X",M6=10),1,0)+IF(OR(N6="X",N6=10),1,0)+IF(OR(O6="X",O6=10),1,0)+IF(OR(P6="X",P6=10),1,0)+IF(OR(Q6="X",Q6=10),1,0)+IF(OR(R6="X",R6=10),1,0)+IF(OR(S6="X",S6=10),1,0)+IF(OR(T6="X",T6=10),1,0)+IF(OR(U6="X",U6=10),1,0)+IF(OR(V6="X",V6=10),1,0)+IF(OR(W6="X",W6=10),1,0)+IF(OR(X6="X",X6=10),1,0)+IF(OR(Y6="X",Y6=10),1,0)+IF(OR(Z6="X",Z6=10),1,0)+IF(OR(AA6="X",AA6=10),1,0)+IF(OR(AB6="X",AB6=10),1,0)+IF(OR(AC6="X",AC6=10),1,0)+IF(OR(AD6="X",AD6=10),1,0)+IF(OR(AE6="X",AE6=10),1,0)+IF(OR(AF6="X",AF6=10),1,0)+IF(OR(AG6="X",AG6=10),1,0)+IF(OR(AH6="X",AH6=10),1,0)+IF(OR(AI6="X",AI6=10),1,0)+IF(OR(AJ6="X",AJ6=10),1,0)+IF(OR(AK6="X",AK6=10),1,0)+IF(OR(AL6="X",AL6=10),1,0)+IF(OR(AM6="X",AM6=10),1,0)+IF(OR(AN6="X",AN6=10),1,0)+IF(OR(AO6="X",AO6=10),1,0),"") -> 0 | AY6: =IF(B6<>"",IF(F6=9,1,0)+IF(G6=9,1,0)+IF(H6=9,1,0)+IF(I6=9,1,0)+IF(J6=9,1,0)+IF(K6=9,1,0)+IF(L6=9,1,0)+IF(M6=9,1,0)+IF(N6=9,1,0)+IF(O6=9,1,0)+IF(P6=9,1,0)+IF(Q6=9,1,0)+IF(R6=9,1,0)+IF(S6=9,1,0)+IF(T6=9,1,0)+IF(U6=9,1,0)+IF(V6=9,1,0)+IF(W6=9,1,0)+IF(X6=9,1,0)+IF(Y6=9,1,0)+IF(Z6=9,1,0)+IF(AA6=9,1,0)+IF(AB6=9,1,0)+IF(AC6=9,1,0)+IF(AD6=9,1,0)+IF(AE6=9,1,0)+IF(AF6=9,1,0)+IF(AG6=9,1,0)+IF(AH6=9,1,0)+IF(AI6=9,1,0)+IF(AJ6=9,1,0)+IF(AK6=9,1,0)+IF(AL6=9,1,0)+IF(AM6=9,1,0)+IF(AN6=9,1,0)+IF(AO6=9,1,0),"") -> 0 | AZ6: =IF(B6<>"",SUMPRODUCT(($AV$6:$AV$1000>AV6)*ISNUMBER($AV$6:$AV$1000))+1+SUMPRODUCT(($AV$6:$AV$1000=AV6)*($AW$6:$AW$1000>AW6)*ISNUMBER($AV$6:$AV$1000)*ISNUMBER($AW$6:$AW$1000))+SUMPRODUCT(($AV$6:$AV$1000=AV6)*($AW$6:$AW$1000=AW6)*($AX$6:$AX$1000>AX6)*ISNUMBER($AV$6:$AV$1000)*ISNUMBER($AX$6:$AX$1000))+SUMPRODUCT(($AV$6:$AV$1000=AV6)*($AW$6:$AW$1000=AW6)*($AX$6:$AX$1000=AX6)*($AY$6:$AY$1000>AY6)*ISNUMBER($AV$6:$AV$1000)*ISNUMBER($AY$6:$AY$1000)),"") -> 1 | BB6: =IF(B6<>"",SUMPRODUCT(($AV$6:$AV$1000>AV6)*ISNUMBER($AV$6:$AV$1000))+1+SUMPRODUCT(($AV$6:$AV$1000=AV6)*($AW$6:$AW$1000>AW6)*ISNUMBER($AV$6:$AV$1000)*ISNUMBER($AW$6:$AW$1000))+SUMPRODUCT(($AV$6:$AV$1000=AV6)*($AW$6:$AW$1000=AW6)*($AX$6:$AX$1000>AX6)*ISNUMBER($AV$6:$AV$1000)*ISNUMBER($AX$6:$AX$1000))+SUMPRODUCT(($AV$6:$AV$1000=AV6)*($AW$6:$AW$1000=AW6)*($AX$6:$AX$1000=AX6)*($AY$6:$AY$1000>AY6)*ISNUMBER($AV$6:$AV$1000)*ISNUMBER($AY$6:$AY$1000))+SUMPRODUCT(($AV$6:$AV$1000=AV6)*($AW$6:$AW$1000=AW6)*($AX$6:$AX$1000=AX6)*($AY$6:$AY$1000=AY6)*($BA$6:$BA$1000>BA6)*ISNUMBER($AV$6:$AV$1000)*ISNUMBER($BA$6:$BA$1000)),"") -> 1
A7: =IF(B7<>"",COUNTA($B$6:B7),"") -> 2 | B7: Jebbrich Tan Lim | C7: Barebow | D7: Attack Arena | E7: =IF(B7="","",IF(COUNTA($B$6:$B$69)<=(E5-D5+1),(D5+MOD(A7-1,(E5-D5+1))),(D5+MOD(A7-1,(E5-D5+1)))&CHAR(65+FLOOR((A7-1)/(E5-D5+1),1)))) -> 4A | AP7: =IF(B7<>"",IF(F7="X",10,IF(F7="M",0,IF(ISNUMBER(F7),F7,0)))+IF(G7="X",10,IF(G7="M",0,IF(ISNUMBER(G7),G7,0)))+IF(H7="X",10,IF(H7="M",0,IF(ISNUMBER(H7),H7,0)))+IF(I7="X",10,IF(I7="M",0,IF(ISNUMBER(I7),I7,0)))+IF(J7="X",10,IF(J7="M",0,IF(ISNUMBER(J7),J7,0)))+IF(K7="X",10,IF(K7="M",0,IF(ISNUMBER(K7),K7,0))),"") -> 0 | AQ7: =IF(B7<>"",IF(L7="X",10,IF(L7="M",0,IF(ISNUMBER(L7),L7,0)))+IF(M7="X",10,IF(M7="M",0,IF(ISNUMBER(M7),M7,0)))+IF(N7="X",10,IF(N7="M",0,IF(ISNUMBER(N7),N7,0)))+IF(O7="X",10,IF(O7="M",0,IF(ISNUMBER(O7),O7,0)))+IF(P7="X",10,IF(P7="M",0,IF(ISNUMBER(P7),P7,0)))+IF(Q7="X",10,IF(Q7="M",0,IF(ISNUMBER(Q7),Q7,0))),"") -> 0 | AR7: =IF(B7<>"",IF(R7="X",10,IF(R7="M",0,IF(ISNUMBER(R7),R7,0)))+IF(S7="X",10,IF(S7="M",0,IF(ISNUMBER(S7),S7,0)))+IF(T7="X",10,IF(T7="M",0,IF(ISNUMBER(T7),T7,0)))+IF(U7="X",10,IF(U7="M",0,IF(ISNUMBER(U7),U7,0)))+IF(V7="X",10,IF(V7="M",0,IF(ISNUMBER(V7),V7,0)))+IF(W7="X",10,IF(W7="M",0,IF(ISNUMBER(W7),W7,0))),"") -> 0 | AS7: =IF(B7<>"",IF(X7="X",10,IF(X7="M",0,IF(ISNUMBER(X7),X7,0)))+IF(Y7="X",10,IF(Y7="M",0,IF(ISNUMBER(Y7),Y7,0)))+IF(Z7="X",10,IF(Z7="M",0,IF(ISNUMBER(Z7),Z7,0)))+IF(AA7="X",10,IF(AA7="M",0,IF(ISNUMBER(AA7),AA7,0)))+IF(AB7="X",10,IF(AB7="M",0,IF(ISNUMBER(AB7),AB7,0)))+IF(AC7="X",10,IF(AC7="M",0,IF(ISNUMBER(AC7),AC7,0))),"") -> 0 | AT7: =IF(B7<>"",IF(AD7="X",10,IF(AD7="M",0,IF(ISNUMBER(AD7),AD7,0)))+IF(AE7="X",10,IF(AE7="M",0,IF(ISNUMBER(AE7),AE7,0)))+IF(AF7="X",10,IF(AF7="M",0,IF(ISNUMBER(AF7),AF7,0)))+IF(AG7="X",10,IF(AG7="M",0,IF(ISNUMBER(AG7),AG7,0)))+IF(AH7="X",10,IF(AH7="M",0,IF(ISNUMBER(AH7),AH7,0)))+IF(AI7="X",10,IF(AI7="M",0,IF(ISNUMBER(AI7),AI7,0))),"") -> 0 | AU7: =IF(B7<>"",IF(AJ7="X",10,IF(AJ7="M",0,IF(ISNUMBER(AJ7),AJ7,0)))+IF(AK7="X",10,IF(AK7="M",0,IF(ISNUMBER(AK7),AK7,0)))+IF(AL7="X",10,IF(AL7="M",0,IF(ISNUMBER(AL7),AL7,0)))+IF(AM7="X",10,IF(AM7="M",0,IF(ISNUMBER(AM7),AM7,0)))+IF(AN7="X",10,IF(AN7="M",0,IF(ISNUMBER(AN7),AN7,0)))+IF(AO7="X",10,IF(AO7="M",0,IF(ISNUMBER(AO7),AO7,0))),"") -> 0 | AV7: =IF(B7<>"",AP7+AQ7+AR7+AS7+AT7+AU7,"") -> 0 | AW7: =IF(B7<>"",IF(F7="X",1,0)+IF(G7="X",1,0)+IF(H7="X",1,0)+IF(I7="X",1,0)+IF(J7="X",1,0)+IF(K7="X",1,0)+IF(L7="X",1,0)+IF(M7="X",1,0)+IF(N7="X",1,0)+IF(O7="X",1,0)+IF(P7="X",1,0)+IF(Q7="X",1,0)+IF(R7="X",1,0)+IF(S7="X",1,0)+IF(T7="X",1,0)+IF(U7="X",1,0)+IF(V7="X",1,0)+IF(W7="X",1,0)+IF(X7="X",1,0)+IF(Y7="X",1,0)+IF(Z7="X",1,0)+IF(AA7="X",1,0)+IF(AB7="X",1,0)+IF(AC7="X",1,0)+IF(AD7="X",1,0)+IF(AE7="X",1,0)+IF(AF7="X",1,0)+IF(AG7="X",1,0)+IF(AH7="X",1,0)+IF(AI7="X",1,0)+IF(AJ7="X",1,0)+IF(AK7="X",1,0)+IF(AL7="X",1,0)+IF(AM7="X",1,0)+IF(AN7="X",1,0)+IF(AO7="X",1,0),"") -> 0 | AX7: =IF(B7<>"",IF(OR(F7="X",F7=10),1,0)+IF(OR(G7="X",G7=10),1,0)+IF(OR(H7="X",H7=10),1,0)+IF(OR(I7="X",I7=10),1,0)+IF(OR(J7="X",J7=10),1,0)+IF(OR(K7="X",K7=10),1,0)+IF(OR(L7="X",L7=10),1,0)+IF(OR(M7="X",M7=10),1,0)+IF(OR(N7="X",N7=10),1,0)+IF(OR(O7="X",O7=10),1,0)+IF(OR(P7="X",P7=10),1,0)+IF(OR(Q7="X",Q7=10),1,0)+IF(OR(R7="X",R7=10),1,0)+IF(OR(S7="X",S7=10),1,0)+IF(OR(T7="X",T7=10),1,0)+IF(OR(U7="X",U7=10),1,0)+IF(OR(V7="X",V7=10),1,0)+IF(OR(W7="X",W7=10),1,0)+IF(OR(X7="X",X7=10),1,0)+IF(OR(Y7="X",Y7=10),1,0)+IF(OR(Z7="X",Z7=10),1,0)+IF(OR(AA7="X",AA7=10),1,0)+IF(OR(AB7="X",AB7=10),1,0)+IF(OR(AC7="X",AC7=10),1,0)+IF(OR(AD7="X",AD7=10),1,0)+IF(OR(AE7="X",AE7=10),1,0)+IF(OR(AF7="X",AF7=10),1,0)+IF(OR(AG7="X",AG7=10),1,0)+IF(OR(AH7="X",AH7=10),1,0)+IF(OR(AI7="X",AI7=10),1,0)+IF(OR(AJ7="X",AJ7=10),1,0)+IF(OR(AK7="X",AK7=10),1,0)+IF(OR(AL7="X",AL7=10),1,0)+IF(OR(AM7="X",AM7=10),1,0)+IF(OR(AN7="X",AN7=10),1,0)+IF(OR(AO7="X",AO7=10),1,0),"") -> 0 | AY7: =IF(B7<>"",IF(F7=9,1,0)+IF(G7=9,1,0)+IF(H7=9,1,0)+IF(I7=9,1,0)+IF(J7=9,1,0)+IF(K7=9,1,0)+IF(L7=9,1,0)+IF(M7=9,1,0)+IF(N7=9,1,0)+IF(O7=9,1,0)+IF(P7=9,1,0)+IF(Q7=9,1,0)+IF(R7=9,1,0)+IF(S7=9,1,0)+IF(T7=9,1,0)+IF(U7=9,1,0)+IF(V7=9,1,0)+IF(W7=9,1,0)+IF(X7=9,1,0)+IF(Y7=9,1,0)+IF(Z7=9,1,0)+IF(AA7=9,1,0)+IF(AB7=9,1,0)+IF(AC7=9,1,0)+IF(AD7=9,1,0)+IF(AE7=9,1,0)+IF(AF7=9,1,0)+IF(AG7=9,1,0)+IF(AH7=9,1,0)+IF(AI7=9,1,0)+IF(AJ7=9,1,0)+IF(AK7=9,1,0)+IF(AL7=9,1,0)+IF(AM7=9,1,0)+IF(AN7=9,1,0)+IF(AO7=9,1,0),"") -> 0 | AZ7: =IF(B7<>"",SUMPRODUCT(($AV$6:$AV$1000>AV7)*ISNUMBER($AV$6:$AV$1000))+1+SUMPRODUCT(($AV$6:$AV$1000=AV7)*($AW$6:$AW$1000>AW7)*ISNUMBER($AV$6:$AV$1000)*ISNUMBER($AW$6:$AW$1000))+SUMPRODUCT(($AV$6:$AV$1000=AV7)*($AW$6:$AW$1000=AW7)*($AX$6:$AX$1000>AX7)*ISNUMBER($AV$6:$AV$1000)*ISNUMBER($AX$6:$AX$1000))+SUMPRODUCT(($AV$6:$AV$1000=AV7)*($AW$6:$AW$1000=AW7)*($AX$6:$AX$1000=AX7)*($AY$6:$AY$1000>AY7)*ISNUMBER($AV$6:$AV$1000)*ISNUMBER($AY$6:$AY$1000)),"") -> 1 | BB7: =IF(B7<>"",SUMPRODUCT(($AV$6:$AV$1000>AV7)*ISNUMBER($AV$6:$AV$1000))+1+SUMPRODUCT(($AV$6:$AV$1000=AV7)*($AW$6:$AW$1000>AW7)*ISNUMBER($AV$6:$AV$1000)*ISNUMBER($AW$6:$AW$1000))+SUMPRODUCT(($AV$6:$AV$1000=AV7)*($AW$6:$AW$1000=AW7)*($AX$6:$AX$1000>AX7)*ISNUMBER($AV$6:$AV$1000)*ISNUMBER($AX$6:$AX$1000))+SUMPRODUCT(($AV$6:$AV$1000=AV7)*($AW$6:$AW$1000=AW7)*($AX$6:$AX$1000=AX7)*($AY$6:$AY$1000>AY7)*ISNUMBER($AV$6:$AV$1000)*ISNUMBER($AY$6:$AY$1000))+SUMPRODUCT(($AV$6:$AV$1000=AV7)*($AW$6:$AW$1000=AW7)*($AX$6:$AX$1000=AX7)*($AY$6:$AY$1000=AY7)*($BA$6:$BA$1000>BA7)*ISNUMBER($AV$6:$AV$1000)*ISNUMBER($BA$6:$BA$1000)),"") -> 1
A8: =IF(B8<>"",COUNTA($B$6:B8),"") -> 3 | B8: Zhean Benito | C8: Olympic Recurve | D8: Attack Arena | E8: =IF(B8="","",IF(COUNTA($B$6:$B$69)<=(E5-D5+1),(D5+MOD(A8-1,(E5-D5+1))),(D5+MOD(A8-1,(E5-D5+1)))&CHAR(65+FLOOR((A8-1)/(E5-D5+1),1)))) -> 5A | AP8: =IF(B8<>"",IF(F8="X",10,IF(F8="M",0,IF(ISNUMBER(F8),F8,0)))+IF(G8="X",10,IF(G8="M",0,IF(ISNUMBER(G8),G8,0)))+IF(H8="X",10,IF(H8="M",0,IF(ISNUMBER(H8),H8,0)))+IF(I8="X",10,IF(I8="M",0,IF(ISNUMBER(I8),I8,0)))+IF(J8="X",10,IF(J8="M",0,IF(ISNUMBER(J8),J8,0)))+IF(K8="X",10,IF(K8="M",0,IF(ISNUMBER(K8),K8,0))),"") -> 0 | AQ8: =IF(B8<>"",IF(L8="X",10,IF(L8="M",0,IF(ISNUMBER(L8),L8,0)))+IF(M8="X",10,IF(M8="M",0,IF(ISNUMBER(M8),M8,0)))+IF(N8="X",10,IF(N8="M",0,IF(ISNUMBER(N8),N8,0)))+IF(O8="X",10,IF(O8="M",0,IF(ISNUMBER(O8),O8,0)))+IF(P8="X",10,IF(P8="M",0,IF(ISNUMBER(P8),P8,0)))+IF(Q8="X",10,IF(Q8="M",0,IF(ISNUMBER(Q8),Q8,0))),"") -> 0 | AR8: =IF(B8<>"",IF(R8="X",10,IF(R8="M",0,IF(ISNUMBER(R8),R8,0)))+IF(S8="X",10,IF(S8="M",0,IF(ISNUMBER(S8),S8,0)))+IF(T8="X",10,IF(T8="M",0,IF(ISNUMBER(T8),T8,0)))+IF(U8="X",10,IF(U8="M",0,IF(ISNUMBER(U8),U8,0)))+IF(V8="X",10,IF(V8="M",0,IF(ISNUMBER(V8),V8,0)))+IF(W8="X",10,IF(W8="M",0,IF(ISNUMBER(W8),W8,0))),"") -> 0 | AS8: =IF(B8<>"",IF(X8="X",10,IF(X8="M",0,IF(ISNUMBER(X8),X8,0)))+IF(Y8="X",10,IF(Y8="M",0,IF(ISNUMBER(Y8),Y8,0)))+IF(Z8="X",10,IF(Z8="M",0,IF(ISNUMBER(Z8),Z8,0)))+IF(AA8="X",10,IF(AA8="M",0,IF(ISNUMBER(AA8),AA8,0)))+IF(AB8="X",10,IF(AB8="M",0,IF(ISNUMBER(AB8),AB8,0)))+IF(AC8="X",10,IF(AC8="M",0,IF(ISNUMBER(AC8),AC8,0))),"") -> 0 | AT8: =IF(B8<>"",IF(AD8="X",10,IF(AD8="M",0,IF(ISNUMBER(AD8),AD8,0)))+IF(AE8="X",10,IF(AE8="M",0,IF(ISNUMBER(AE8),AE8,0)))+IF(AF8="X",10,IF(AF8="M",0,IF(ISNUMBER(AF8),AF8,0)))+IF(AG8="X",10,IF(AG8="M",0,IF(ISNUMBER(AG8),AG8,0)))+IF(AH8="X",10,IF(AH8="M",0,IF(ISNUMBER(AH8),AH8,0)))+IF(AI8="X",10,IF(AI8="M",0,IF(ISNUMBER(AI8),AI8,0))),"") -> 0 | AU8: =IF(B8<>"",IF(AJ8="X",10,IF(AJ8="M",0,IF(ISNUMBER(AJ8),AJ8,0)))+IF(AK8="X",10,IF(AK8="M",0,IF(ISNUMBER(AK8),AK8,0)))+IF(AL8="X",10,IF(AL8="M",0,IF(ISNUMBER(AL8),AL8,0)))+IF(AM8="X",10,IF(AM8="M",0,IF(ISNUMBER(AM8),AM8,0)))+IF(AN8="X",10,IF(AN8="M",0,IF(ISNUMBER(AN8),AN8,0)))+IF(AO8="X",10,IF(AO8="M",0,IF(ISNUMBER(AO8),AO8,0))),"") -> 0 | AV8: =IF(B8<>"",AP8+AQ8+AR8+AS8+AT8+AU8,"") -> 0 | AW8: =IF(B8<>"",IF(F8="X",1,0)+IF(G8="X",1,0)+IF(H8="X",1,0)+IF(I8="X",1,0)+IF(J8="X",1,0)+IF(K8="X",1,0)+IF(L8="X",1,0)+IF(M8="X",1,0)+IF(N8="X",1,0)+IF(O8="X",1,0)+IF(P8="X",1,0)+IF(Q8="X",1,0)+IF(R8="X",1,0)+IF(S8="X",1,0)+IF(T8="X",1,0)+IF(U8="X",1,0)+IF(V8="X",1,0)+IF(W8="X",1,0)+IF(X8="X",1,0)+IF(Y8="X",1,0)+IF(Z8="X",1,0)+IF(AA8="X",1,0)+IF(AB8="X",1,0)+IF(AC8="X",1,0)+IF(AD8="X",1,0)+IF(AE8="X",1,0)+IF(AF8="X",1,0)+IF(AG8="X",1,0)+IF(AH8="X",1,0)+IF(AI8="X",1,0)+IF(AJ8="X",1,0)+IF(AK8="X",1,0)+IF(AL8="X",1,0)+IF(AM8="X",1,0)+IF(AN8="X",1,0)+IF(AO8="X",1,0),"") -> 0 | AX8: =IF(B8<>"",IF(OR(F8="X",F8=10),1,0)+IF(OR(G8="X",G8=10),1,0)+IF(OR(H8="X",H8=10),1,0)+IF(OR(I8="X",I8=10),1,0)+IF(OR(J8="X",J8=10),1,0)+IF(OR(K8="X",K8=10),1,0)+IF(OR(L8="X",L8=10),1,0)+IF(OR(M8="X",M8=10),1,0)+IF(OR(N8="X",N8=10),1,0)+IF(OR(O8="X",O8=10),1,0)+IF(OR(P8="X",P8=10),1,0)+IF(OR(Q8="X",Q8=10),1,0)+IF(OR(R8="X",R8=10),1,0)+IF(OR(S8="X",S8=10),1,0)+IF(OR(T8="X",T8=10),1,0)+IF(OR(U8="X",U8=10),1,0)+IF(OR(V8="X",V8=10),1,0)+IF(OR(W8="X",W8=10),1,0)+IF(OR(X8="X",X8=10),1,0)+IF(OR(Y8="X",Y8=10),1,0)+IF(OR(Z8="X",Z8=10),1,0)+IF(OR(AA8="X",AA8=10),1,0)+IF(OR(AB8="X",AB8=10),1,0)+IF(OR(AC8="X",AC8=10),1,0)+IF(OR(AD8="X",AD8=10),1,0)+IF(OR(AE8="X",AE8=10),1,0)+IF(OR(AF8="X",AF8=10),1,0)+IF(OR(AG8="X",AG8=10),1,0)+IF(OR(AH8="X",AH8=10),1,0)+IF(OR(AI8="X",AI8=10),1,0)+IF(OR(AJ8="X",AJ8=10),1,0)+IF(OR(AK8="X",AK8=10),1,0)+IF(OR(AL8="X",AL8=10),1,0)+IF(OR(AM8="X",AM8=10),1,0)+IF(OR(AN8="X",AN8=10),1,0)+IF(OR(AO8="X",AO8=10),1,0),"") -> 0 | AY8: =IF(B8<>"",IF(F8=9,1,0)+IF(G8=9,1,0)+IF(H8=9,1,0)+IF(I8=9,1,0)+IF(J8=9,1,0)+IF(K8=9,1,0)+IF(L8=9,1,0)+IF(M8=9,1,0)+IF(N8=9,1,0)+IF(O8=9,1,0)+IF(P8=9,1,0)+IF(Q8=9,1,0)+IF(R8=9,1,0)+IF(S8=9,1,0)+IF(T8=9,1,0)+IF(U8=9,1,0)+IF(V8=9,1,0)+IF(W8=9,1,0)+IF(X8=9,1,0)+IF(Y8=9,1,0)+IF(Z8=9,1,0)+IF(AA8=9,1,0)+IF(AB8=9,1,0)+IF(AC8=9,1,0)+IF(AD8=9,1,0)+IF(AE8=9,1,0)+IF(AF8=9,1,0)+IF(AG8=9,1,0)+IF(AH8=9,1,0)+IF(AI8=9,1,0)+IF(AJ8=9,1,0)+IF(AK8=9,1,0)+IF(AL8=9,1,0)+IF(AM8=9,1,0)+IF(AN8=9,1,0)+IF(AO8=9,1,0),"") -> 0 | AZ8: =IF(B8<>"",SUMPRODUCT(($AV$6:$AV$1000>AV8)*ISNUMBER($AV$6:$AV$1000))+1+SUMPRODUCT(($AV$6:$AV$1000=AV8)*($AW$6:$AW$1000>AW8)*ISNUMBER($AV$6:$AV$1000)*ISNUMBER($AW$6:$AW$1000))+SUMPRODUCT(($AV$6:$AV$1000=AV8)*($AW$6:$AW$1000=AW8)*($AX$6:$AX$1000>AX8)*ISNUMBER($AV$6:$AV$1000)*ISNUMBER($AX$6:$AX$1000))+SUMPRODUCT(($AV$6:$AV$1000=AV8)*($AW$6:$AW$1000=AW8)*($AX$6:$AX$1000=AX8)*($AY$6:$AY$1000>AY8)*ISNUMBER($AV$6:$AV$1000)*ISNUMBER($AY$6:$AY$1000)),"") -> 1 | BB8: =IF(B8<>"",SUMPRODUCT(($AV$6:$AV$1000>AV8)*ISNUMBER($AV$6:$AV$1000))+1+SUMPRODUCT(($AV$6:$AV$1000=AV8)*($AW$6:$AW$1000>AW8)*ISNUMBER($AV$6:$AV$1000)*ISNUMBER($AW$6:$AW$1000))+SUMPRODUCT(($AV$6:$AV$1000=AV8)*($AW$6:$AW$1000=AW8)*($AX$6:$AX$1000>AX8)*ISNUMBER($AV$6:$AV$1000)*ISNUMBER($AX$6:$AX$1000))+SUMPRODUCT(($AV$6:$AV$1000=AV8)*($AW$6:$AW$1000=AW8)*($AX$6:$AX$1000=AX8)*($AY$6:$AY$1000>AY8)*ISNUMBER($AV$6:$AV$1000)*ISNUMBER($AY$6:$AY$1000))+SUMPRODUCT(($AV$6:$AV$1000=AV8)*($AW$6:$AW$1000=AW8)*($AX$6:$AX$1000=AX8)*($AY$6:$AY$1000=AY8)*($BA$6:$BA$1000>BA8)*ISNUMBER($AV$6:$AV$1000)*ISNUMBER($BA$6:$BA$1000)),"") -> 1
A9: =IF(B9<>"",COUNTA($B$6:B9),"") -> 4 | B9: Allan Robert Aruego | C9: Olympic Recurve | D9: Attack Arena | E9: =IF(B9="","",IF(COUNTA($B$6:$B$69)<=(E5-D5+1),(D5+MOD(A9-1,(E5-D5+1))),(D5+MOD(A9-1,(E5-D5+1)))&CHAR(65+FLOOR((A9-1)/(E5-D5+1),1)))) -> 6A | AP9: =IF(B9<>"",IF(F9="X",10,IF(F9="M",0,IF(ISNUMBER(F9),F9,0)))+IF(G9="X",10,IF(G9="M",0,IF(ISNUMBER(G9),G9,0)))+IF(H9="X",10,IF(H9="M",0,IF(ISNUMBER(H9),H9,0)))+IF(I9="X",10,IF(I9="M",0,IF(ISNUMBER(I9),I9,0)))+IF(J9="X",10,IF(J9="M",0,IF(ISNUMBER(J9),J9,0)))+IF(K9="X",10,IF(K9="M",0,IF(ISNUMBER(K9),K9,0))),"") -> 0 | AQ9: =IF(B9<>"",IF(L9="X",10,IF(L9="M",0,IF(ISNUMBER(L9),L9,0)))+IF(M9="X",10,IF(M9="M",0,IF(ISNUMBER(M9),M9,0)))+IF(N9="X",10,IF(N9="M",0,IF(ISNUMBER(N9),N9,0)))+IF(O9="X",10,IF(O9="M",0,IF(ISNUMBER(O9),O9,0)))+IF(P9="X",10,IF(P9="M",0,IF(ISNUMBER(P9),P9,0)))+IF(Q9="X",10,IF(Q9="M",0,IF(ISNUMBER(Q9),Q9,0))),"") -> 0 | AR9: =IF(B9<>"",IF(R9="X",10,IF(R9="M",0,IF(ISNUMBER(R9),R9,0)))+IF(S9="X",10,IF(S9="M",0,IF(ISNUMBER(S9),S9,0)))+IF(T9="X",10,IF(T9="M",0,IF(ISNUMBER(T9),T9,0)))+IF(U9="X",10,IF(U9="M",0,IF(ISNUMBER(U9),U9,0)))+IF(V9="X",10,IF(V9="M",0,IF(ISNUMBER(V9),V9,0)))+IF(W9="X",10,IF(W9="M",0,IF(ISNUMBER(W9),W9,0))),"") -> 0 | AS9: =IF(B9<>"",IF(X9="X",10,IF(X9="M",0,IF(ISNUMBER(X9),X9,0)))+IF(Y9="X",10,IF(Y9="M",0,IF(ISNUMBER(Y9),Y9,0)))+IF(Z9="X",10,IF(Z9="M",0,IF(ISNUMBER(Z9),Z9,0)))+IF(AA9="X",10,IF(AA9="M",0,IF(ISNUMBER(AA9),AA9,0)))+IF(AB9="X",10,IF(AB9="M",0,IF(ISNUMBER(AB9),AB9,0)))+IF(AC9="X",10,IF(AC9="M",0,IF(ISNUMBER(AC9),AC9,0))),"") -> 0 | AT9: =IF(B9<>"",IF(AD9="X",10,IF(AD9="M",0,IF(ISNUMBER(AD9),AD9,0)))+IF(AE9="X",10,IF(AE9="M",0,IF(ISNUMBER(AE9),AE9,0)))+IF(AF9="X",10,IF(AF9="M",0,IF(ISNUMBER(AF9),AF9,0)))+IF(AG9="X",10,IF(AG9="M",0,IF(ISNUMBER(AG9),AG9,0)))+IF(AH9="X",10,IF(AH9="M",0,IF(ISNUMBER(AH9),AH9,0)))+IF(AI9="X",10,IF(AI9="M",0,IF(ISNUMBER(AI9),AI9,0))),"") -> 0 | AU9: =IF(B9<>"",IF(AJ9="X",10,IF(AJ9="M",0,IF(ISNUMBER(AJ9),AJ9,0)))+IF(AK9="X",10,IF(AK9="M",0,IF(ISNUMBER(AK9),AK9,0)))+IF(AL9="X",10,IF(AL9="M",0,IF(ISNUMBER(AL9),AL9,0)))+IF(AM9="X",10,IF(AM9="M",0,IF(ISNUMBER(AM9),AM9,0)))+IF(AN9="X",10,IF(AN9="M",0,IF(ISNUMBER(AN9),AN9,0)))+IF(AO9="X",10,IF(AO9="M",0,IF(ISNUMBER(AO9),AO9,0))),"") -> 0 | AV9: =IF(B9<>"",AP9+AQ9+AR9+AS9+AT9+AU9,"") -> 0 | AW9: =IF(B9<>"",IF(F9="X",1,0)+IF(G9="X",1,0)+IF(H9="X",1,0)+IF(I9="X",1,0)+IF(J9="X",1,0)+IF(K9="X",1,0)+IF(L9="X",1,0)+IF(M9="X",1,0)+IF(N9="X",1,0)+IF(O9="X",1,0)+IF(P9="X",1,0)+IF(Q9="X",1,0)+IF(R9="X",1,0)+IF(S9="X",1,0)+IF(T9="X",1,0)+IF(U9="X",1,0)+IF(V9="X",1,0)+IF(W9="X",1,0)+IF(X9="X",1,0)+IF(Y9="X",1,0)+IF(Z9="X",1,0)+IF(AA9="X",1,0)+IF(AB9="X",1,0)+IF(AC9="X",1,0)+IF(AD9="X",1,0)+IF(AE9="X",1,0)+IF(AF9="X",1,0)+IF(AG9="X",1,0)+IF(AH9="X",1,0)+IF(AI9="X",1,0)+IF(AJ9="X",1,0)+IF(AK9="X",1,0)+IF(AL9="X",1,0)+IF(AM9="X",1,0)+IF(AN9="X",1,0)+IF(AO9="X",1,0),"") -> 0 | AX9: =IF(B9<>"",IF(OR(F9="X",F9=10),1,0)+IF(OR(G9="X",G9=10),1,0)+IF(OR(H9="X",H9=10),1,0)+IF(OR(I9="X",I9=10),1,0)+IF(OR(J9="X",J9=10),1,0)+IF(OR(K9="X",K9=10),1,0)+IF(OR(L9="X",L9=10),1,0)+IF(OR(M9="X",M9=10),1,0)+IF(OR(N9="X",N9=10),1,0)+IF(OR(O9="X",O9=10),1,0)+IF(OR(P9="X",P9=10),1,0)+IF(OR(Q9="X",Q9=10),1,0)+IF(OR(R9="X",R9=10),1,0)+IF(OR(S9="X",S9=10),1,0)+IF(OR(T9="X",T9=10),1,0)+IF(OR(U9="X",U9=10),1,0)+IF(OR(V9="X",V9=10),1,0)+IF(OR(W9="X",W9=10),1,0)+IF(OR(X9="X",X9=10),1,0)+IF(OR(Y9="X",Y9=10),1,0)+IF(OR(Z9="X",Z9=10),1,0)+IF(OR(AA9="X",AA9=10),1,0)+IF(OR(AB9="X",AB9=10),1,0)+IF(OR(AC9="X",AC9=10),1,0)+IF(OR(AD9="X",AD9=10),1,0)+IF(OR(AE9="X",AE9=10),1,0)+IF(OR(AF9="X",AF9=10),1,0)+IF(OR(AG9="X",AG9=10),1,0)+IF(OR(AH9="X",AH9=10),1,0)+IF(OR(AI9="X",AI9=10),1,0)+IF(OR(AJ9="X",AJ9=10),1,0)+IF(OR(AK9="X",AK9=10),1,0)+IF(OR(AL9="X",AL9=10),1,0)+IF(OR(AM9="X",AM9=10),1,0)+IF(OR(AN9="X",AN9=10),1,0)+IF(OR(AO9="X",AO9=10),1,0),"") -> 0 | AY9: =IF(B9<>"",IF(F9=9,1,0)+IF(G9=9,1,0)+IF(H9=9,1,0)+IF(I9=9,1,0)+IF(J9=9,1,0)+IF(K9=9,1,0)+IF(L9=9,1,0)+IF(M9=9,1,0)+IF(N9=9,1,0)+IF(O9=9,1,0)+IF(P9=9,1,0)+IF(Q9=9,1,0)+IF(R9=9,1,0)+IF(S9=9,1,0)+IF(T9=9,1,0)+IF(U9=9,1,0)+IF(V9=9,1,0)+IF(W9=9,1,0)+IF(X9=9,1,0)+IF(Y9=9,1,0)+IF(Z9=9,1,0)+IF(AA9=9,1,0)+IF(AB9=9,1,0)+IF(AC9=9,1,0)+IF(AD9=9,1,0)+IF(AE9=9,1,0)+IF(AF9=9,1,0)+IF(AG9=9,1,0)+IF(AH9=9,1,0)+IF(AI9=9,1,0)+IF(AJ9=9,1,0)+IF(AK9=9,1,0)+IF(AL9=9,1,0)+IF(AM9=9,1,0)+IF(AN9=9,1,0)+IF(AO9=9,1,0),"") -> 0 | AZ9: =IF(B9<>"",SUMPRODUCT(($AV$6:$AV$1000>AV9)*ISNUMBER($AV$6:$AV$1000))+1+SUMPRODUCT(($AV$6:$AV$1000=AV9)*($AW$6:$AW$1000>AW9)*ISNUMBER($AV$6:$AV$1000)*ISNUMBER($AW$6:$AW$1000))+SUMPRODUCT(($AV$6:$AV$1000=AV9)*($AW$6:$AW$1000=AW9)*($AX$6:$AX$1000>AX9)*ISNUMBER($AV$6:$AV$1000)*ISNUMBER($AX$6:$AX$1000))+SUMPRODUCT(($AV$6:$AV$1000=AV9)*($AW$6:$AW$1000=AW9)*($AX$6:$AX$1000=AX9)*($AY$6:$AY$1000>AY9)*ISNUMBER($AV$6:$AV$1000)*ISNUMBER($AY$6:$AY$1000)),"") -> 1 | BB9: =IF(B9<>"",SUMPRODUCT(($AV$6:$AV$1000>AV9)*ISNUMBER($AV$6:$AV$1000))+1+SUMPRODUCT(($AV$6:$AV$1000=AV9)*($AW$6:$AW$1000>AW9)*ISNUMBER($AV$6:$AV$1000)*ISNUMBER($AW$6:$AW$1000))+SUMPRODUCT(($AV$6:$AV$1000=AV9)*($AW$6:$AW$1000=AW9)*($AX$6:$AX$1000>AX9)*ISNUMBER($AV$6:$AV$1000)*ISNUMBER($AX$6:$AX$1000))+SUMPRODUCT(($AV$6:$AV$1000=AV9)*($AW$6:$AW$1000=AW9)*($AX$6:$AX$1000=AX9)*($AY$6:$AY$1000>AY9)*ISNUMBER($AV$6:$AV$1000)*ISNUMBER($AY$6:$AY$1000))+SUMPRODUCT(($AV$6:$AV$1000=AV9)*($AW$6:$AW$1000=AW9)*($AX$6:$AX$1000=AX9)*($AY$6:$AY$1000=AY9)*($BA$6:$BA$1000>BA9)*ISNUMBER($AV$6:$AV$1000)*ISNUMBER($BA$6:$BA$1000)),"") -> 1
A10: =IF(B10<>"",COUNTA($B$6:B10),"") -> 5 | B10: Sheena Marie Monico | C10: Olympic Recurve | D10: Pasig AC | E10: =IF(B10="","",IF(COUNTA($B$6:$B$69)<=(E5-D5+1),(D5+MOD(A10-1,(E5-D5+1))),(D5+MOD(A10-1,(E5-D5+1)))&CHAR(65+FLOOR((A10-1)/(E5-D5+1),1)))) -> 3B | AP10: =IF(B10<>"",IF(F10="X",10,IF(F10="M",0,IF(ISNUMBER(F10),F10,0)))+IF(G10="X",10,IF(G10="M",0,IF(ISNUMBER(G10),G10,0)))+IF(H10="X",10,IF(H10="M",0,IF(ISNUMBER(H10),H10,0)))+IF(I10="X",10,IF(I10="M",0,IF(ISNUMBER(I10),I10,0)))+IF(J10="X",10,IF(J10="M",0,IF(ISNUMBER(J10),J10,0)))+IF(K10="X",10,IF(K10="M",0,IF(ISNUMBER(K10),K10,0))),"") -> 0 | AQ10: =IF(B10<>"",IF(L10="X",10,IF(L10="M",0,IF(ISNUMBER(L10),L10,0)))+IF(M10="X",10,IF(M10="M",0,IF(ISNUMBER(M10),M10,0)))+IF(N10="X",10,IF(N10="M",0,IF(ISNUMBER(N10),N10,0)))+IF(O10="X",10,IF(O10="M",0,IF(ISNUMBER(O10),O10,0)))+IF(P10="X",10,IF(P10="M",0,IF(ISNUMBER(P10),P10,0)))+IF(Q10="X",10,IF(Q10="M",0,IF(ISNUMBER(Q10),Q10,0))),"") -> 0 | AR10: =IF(B10<>"",IF(R10="X",10,IF(R10="M",0,IF(ISNUMBER(R10),R10,0)))+IF(S10="X",10,IF(S10="M",0,IF(ISNUMBER(S10),S10,0)))+IF(T10="X",10,IF(T10="M",0,IF(ISNUMBER(T10),T10,0)))+IF(U10="X",10,IF(U10="M",0,IF(ISNUMBER(U10),U10,0)))+IF(V10="X",10,IF(V10="M",0,IF(ISNUMBER(V10),V10,0)))+IF(W10="X",10,IF(W10="M",0,IF(ISNUMBER(W10),W10,0))),"") -> 0 | AS10: =IF(B10<>"",IF(X10="X",10,IF(X10="M",0,IF(ISNUMBER(X10),X10,0)))+IF(Y10="X",10,IF(Y10="M",0,IF(ISNUMBER(Y10),Y10,0)))+IF(Z10="X",10,IF(Z10="M",0,IF(ISNUMBER(Z10),Z10,0)))+IF(AA10="X",10,IF(AA10="M",0,IF(ISNUMBER(AA10),AA10,0)))+IF(AB10="X",10,IF(AB10="M",0,IF(ISNUMBER(AB10),AB10,0)))+IF(AC10="X",10,IF(AC10="M",0,IF(ISNUMBER(AC10),AC10,0))),"") -> 0 | AT10: =IF(B10<>"",IF(AD10="X",10,IF(AD10="M",0,IF(ISNUMBER(AD10),AD10,0)))+IF(AE10="X",10,IF(AE10="M",0,IF(ISNUMBER(AE10),AE10,0)))+IF(AF10="X",10,IF(AF10="M",0,IF(ISNUMBER(AF10),AF10,0)))+IF(AG10="X",10,IF(AG10="M",0,IF(ISNUMBER(AG10),AG10,0)))+IF(AH10="X",10,IF(AH10="M",0,IF(ISNUMBER(AH10),AH10,0)))+IF(AI10="X",10,IF(AI10="M",0,IF(ISNUMBER(AI10),AI10,0))),"") -> 0 | AU10: =IF(B10<>"",IF(AJ10="X",10,IF(AJ10="M",0,IF(ISNUMBER(AJ10),AJ10,0)))+IF(AK10="X",10,IF(AK10="M",0,IF(ISNUMBER(AK10),AK10,0)))+IF(AL10="X",10,IF(AL10="M",0,IF(ISNUMBER(AL10),AL10,0)))+IF(AM10="X",10,IF(AM10="M",0,IF(ISNUMBER(AM10),AM10,0)))+IF(AN10="X",10,IF(AN10="M",0,IF(ISNUMBER(AN10),AN10,0)))+IF(AO10="X",10,IF(AO10="M",0,IF(ISNUMBER(AO10),AO10,0))),"") -> 0 | AV10: =IF(B10<>"",AP10+AQ10+AR10+AS10+AT10+AU10,"") -> 0 | AW10: =IF(B10<>"",IF(F10="X",1,0)+IF(G10="X",1,0)+IF(H10="X",1,0)+IF(I10="X",1,0)+IF(J10="X",1,0)+IF(K10="X",1,0)+IF(L10="X",1,0)+IF(M10="X",1,0)+IF(N10="X",1,0)+IF(O10="X",1,0)+IF(P10="X",1,0)+IF(Q10="X",1,0)+IF(R10="X",1,0)+IF(S10="X",1,0)+IF(T10="X",1,0)+IF(U10="X",1,0)+IF(V10="X",1,0)+IF(W10="X",1,0)+IF(X10="X",1,0)+IF(Y10="X",1,0)+IF(Z10="X",1,0)+IF(AA10="X",1,0)+IF(AB10="X",1,0)+IF(AC10="X",1,0)+IF(AD10="X",1,0)+IF(AE10="X",1,0)+IF(AF10="X",1,0)+IF(AG10="X",1,0)+IF(AH10="X",1,0)+IF(AI10="X",1,0)+IF(AJ10="X",1,0)+IF(AK10="X",1,0)+IF(AL10="X",1,0)+IF(AM10="X",1,0)+IF(AN10="X",1,0)+IF(AO10="X",1,0),"") -> 0 | AX10: =IF(B10<>"",IF(OR(F10="X",F10=10),1,0)+IF(OR(G10="X",G10=10),1,0)+IF(OR(H10="X",H10=10),1,0)+IF(OR(I10="X",I10=10),1,0)+IF(OR(J10="X",J10=10),1,0)+IF(OR(K10="X",K10=10),1,0)+IF(OR(L10="X",L10=10),1,0)+IF(OR(M10="X",M10=10),1,0)+IF(OR(N10="X",N10=10),1,0)+IF(OR(O10="X",O10=10),1,0)+IF(OR(P10="X",P10=10),1,0)+IF(OR(Q10="X",Q10=10),1,0)+IF(OR(R10="X",R10=10),1,0)+IF(OR(S10="X",S10=10),1,0)+IF(OR(T10="X",T10=10),1,0)+IF(OR(U10="X",U10=10),1,0)+IF(OR(V10="X",V10=10),1,0)+IF(OR(W10="X",W10=10),1,0)+IF(OR(X10="X",X10=10),1,0)+IF(OR(Y10="X",Y10=10),1,0)+IF(OR(Z10="X",Z10=10),1,0)+IF(OR(AA10="X",AA10=10),1,0)+IF(OR(AB10="X",AB10=10),1,0)+IF(OR(AC10="X",AC10=10),1,0)+IF(OR(AD10="X",AD10=10),1,0)+IF(OR(AE10="X",AE10=10),1,0)+IF(OR(AF10="X",AF10=10),1,0)+IF(OR(AG10="X",AG10=10),1,0)+IF(OR(AH10="X",AH10=10),1,0)+IF(OR(AI10="X",AI10=10),1,0)+IF(OR(AJ10="X",AJ10=10),1,0)+IF(OR(AK10="X",AK10=10),1,0)+IF(OR(AL10="X",AL10=10),1,0)+IF(OR(AM10="X",AM10=10),1,0)+IF(OR(AN10="X",AN10=10),1,0)+IF(OR(AO10="X",AO10=10),1,0),"") -> 0 | AY10: =IF(B10<>"",IF(F10=9,1,0)+IF(G10=9,1,0)+IF(H10=9,1,0)+IF(I10=9,1,0)+IF(J10=9,1,0)+IF(K10=9,1,0)+IF(L10=9,1,0)+IF(M10=9,1,0)+IF(N10=9,1,0)+IF(O10=9,1,0)+IF(P10=9,1,0)+IF(Q10=9,1,0)+IF(R10=9,1,0)+IF(S10=9,1,0)+IF(T10=9,1,0)+IF(U10=9,1,0)+IF(V10=9,1,0)+IF(W10=9,1,0)+IF(X10=9,1,0)+IF(Y10=9,1,0)+IF(Z10=9,1,0)+IF(AA10=9,1,0)+IF(AB10=9,1,0)+IF(AC10=9,1,0)+IF(AD10=9,1,0)+IF(AE10=9,1,0)+IF(AF10=9,1,0)+IF(AG10=9,1,0)+IF(AH10=9,1,0)+IF(AI10=9,1,0)+IF(AJ10=9,1,0)+IF(AK10=9,1,0)+IF(AL10=9,1,0)+IF(AM10=9,1,0)+IF(AN10=9,1,0)+IF(AO10=9,1,0),"") -> 0 | AZ10: =IF(B10<>"",SUMPRODUCT(($AV$6:$AV$1000>AV10)*ISNUMBER($AV$6:$AV$1000))+1+SUMPRODUCT(($AV$6:$AV$1000=AV10)*($AW$6:$AW$1000>AW10)*ISNUMBER($AV$6:$AV$1000)*ISNUMBER($AW$6:$AW$1000))+SUMPRODUCT(($AV$6:$AV$1000=AV10)*($AW$6:$AW$1000=AW10)*($AX$6:$AX$1000>AX10)*ISNUMBER($AV$6:$AV$1000)*ISNUMBER($AX$6:$AX$1000))+SUMPRODUCT(($AV$6:$AV$1000=AV10)*($AW$6:$AW$1000=AW10)*($AX$6:$AX$1000=AX10)*($AY$6:$AY$1000>AY10)*ISNUMBER($AV$6:$AV$1000)*ISNUMBER($AY$6:$AY$1000)),"") -> 1 | BB10: =IF(B10<>"",SUMPRODUCT(($AV$6:$AV$1000>AV10)*ISNUMBER($AV$6:$AV$1000))+1+SUMPRODUCT(($AV$6:$AV$1000=AV10)*($AW$6:$AW$1000>AW10)*ISNUMBER($AV$6:$AV$1000)*ISNUMBER($AW$6:$AW$1000))+SUMPRODUCT(($AV$6:$AV$1000=AV10)*($AW$6:$AW$1000=AW10)*($AX$6:$AX$1000>AX10)*ISNUMBER($AV$6:$AV$1000)*ISNUMBER($AX$6:$AX$1000))+SUMPRODUCT(($AV$6:$AV$1000=AV10)*($AW$6:$AW$1000=AW10)*($AX$6:$AX$1000=AX10)*($AY$6:$AY$1000>AY10)*ISNUMBER($AV$6:$AV$1000)*ISNUMBER($AY$6:$AY$1000))+SUMPRODUCT(($AV$6:$AV$1000=AV10)*($AW$6:$AW$1000=AW10)*($AX$6:$AX$1000=AX10)*($AY$6:$AY$1000=AY10)*($BA$6:$BA$1000>BA10)*ISNUMBER($AV$6:$AV$1000)*ISNUMBER($BA$6:$BA$1000)),"") -> 1
A11: =IF(B11<>"",COUNTA($B$6:B11),"") -> 6 | B11: Stella Mae Magalang | C11: Olympic Recurve | D11: Buting | E11: =IF(B11="","",IF(COUNTA($B$6:$B$69)<=(E5-D5+1),(D5+MOD(A11-1,(E5-D5+1))),(D5+MOD(A11-1,(E5-D5+1)))&CHAR(65+FLOOR((A11-1)/(E5-D5+1),1)))) -> 4B | AP11: =IF(B11<>"",IF(F11="X",10,IF(F11="M",0,IF(ISNUMBER(F11),F11,0)))+IF(G11="X",10,IF(G11="M",0,IF(ISNUMBER(G11),G11,0)))+IF(H11="X",10,IF(H11="M",0,IF(ISNUMBER(H11),H11,0)))+IF(I11="X",10,IF(I11="M",0,IF(ISNUMBER(I11),I11,0)))+IF(J11="X",10,IF(J11="M",0,IF(ISNUMBER(J11),J11,0)))+IF(K11="X",10,IF(K11="M",0,IF(ISNUMBER(K11),K11,0))),"") -> 0 | AQ11: =IF(B11<>"",IF(L11="X",10,IF(L11="M",0,IF(ISNUMBER(L11),L11,0)))+IF(M11="X",10,IF(M11="M",0,IF(ISNUMBER(M11),M11,0)))+IF(N11="X",10,IF(N11="M",0,IF(ISNUMBER(N11),N11,0)))+IF(O11="X",10,IF(O11="M",0,IF(ISNUMBER(O11),O11,0)))+IF(P11="X",10,IF(P11="M",0,IF(ISNUMBER(P11),P11,0)))+IF(Q11="X",10,IF(Q11="M",0,IF(ISNUMBER(Q11),Q11,0))),"") -> 0 | AR11: =IF(B11<>"",IF(R11="X",10,IF(R11="M",0,IF(ISNUMBER(R11),R11,0)))+IF(S11="X",10,IF(S11="M",0,IF(ISNUMBER(S11),S11,0)))+IF(T11="X",10,IF(T11="M",0,IF(ISNUMBER(T11),T11,0)))+IF(U11="X",10,IF(U11="M",0,IF(ISNUMBER(U11),U11,0)))+IF(V11="X",10,IF(V11="M",0,IF(ISNUMBER(V11),V11,0)))+IF(W11="X",10,IF(W11="M",0,IF(ISNUMBER(W11),W11,0))),"") -> 0 | AS11: =IF(B11<>"",IF(X11="X",10,IF(X11="M",0,IF(ISNUMBER(X11),X11,0)))+IF(Y11="X",10,IF(Y11="M",0,IF(ISNUMBER(Y11),Y11,0)))+IF(Z11="X",10,IF(Z11="M",0,IF(ISNUMBER(Z11),Z11,0)))+IF(AA11="X",10,IF(AA11="M",0,IF(ISNUMBER(AA11),AA11,0)))+IF(AB11="X",10,IF(AB11="M",0,IF(ISNUMBER(AB11),AB11,0)))+IF(AC11="X",10,IF(AC11="M",0,IF(ISNUMBER(AC11),AC11,0))),"") -> 0 | AT11: =IF(B11<>"",IF(AD11="X",10,IF(AD11="M",0,IF(ISNUMBER(AD11),AD11,0)))+IF(AE11="X",10,IF(AE11="M",0,IF(ISNUMBER(AE11),AE11,0)))+IF(AF11="X",10,IF(AF11="M",0,IF(ISNUMBER(AF11),AF11,0)))+IF(AG11="X",10,IF(AG11="M",0,IF(ISNUMBER(AG11),AG11,0)))+IF(AH11="X",10,IF(AH11="M",0,IF(ISNUMBER(AH11),AH11,0)))+IF(AI11="X",10,IF(AI11="M",0,IF(ISNUMBER(AI11),AI11,0))),"") -> 0 | AU11: =IF(B11<>"",IF(AJ11="X",10,IF(AJ11="M",0,IF(ISNUMBER(AJ11),AJ11,0)))+IF(AK11="X",10,IF(AK11="M",0,IF(ISNUMBER(AK11),AK11,0)))+IF(AL11="X",10,IF(AL11="M",0,IF(ISNUMBER(AL11),AL11,0)))+IF(AM11="X",10,IF(AM11="M",0,IF(ISNUMBER(AM11),AM11,0)))+IF(AN11="X",10,IF(AN11="M",0,IF(ISNUMBER(AN11),AN11,0)))+IF(AO11="X",10,IF(AO11="M",0,IF(ISNUMBER(AO11),AO11,0))),"") -> 0 | AV11: =IF(B11<>"",AP11+AQ11+AR11+AS11+AT11+AU11,"") -> 0 | AW11: =IF(B11<>"",IF(F11="X",1,0)+IF(G11="X",1,0)+IF(H11="X",1,0)+IF(I11="X",1,0)+IF(J11="X",1,0)+IF(K11="X",1,0)+IF(L11="X",1,0)+IF(M11="X",1,0)+IF(N11="X",1,0)+IF(O11="X",1,0)+IF(P11="X",1,0)+IF(Q11="X",1,0)+IF(R11="X",1,0)+IF(S11="X",1,0)+IF(T11="X",1,0)+IF(U11="X",1,0)+IF(V11="X",1,0)+IF(W11="X",1,0)+IF(X11="X",1,0)+IF(Y11="X",1,0)+IF(Z11="X",1,0)+IF(AA11="X",1,0)+IF(AB11="X",1,0)+IF(AC11="X",1,0)+IF(AD11="X",1,0)+IF(AE11="X",1,0)+IF(AF11="X",1,0)+IF(AG11="X",1,0)+IF(AH11="X",1,0)+IF(AI11="X",1,0)+IF(AJ11="X",1,0)+IF(AK11="X",1,0)+IF(AL11="X",1,0)+IF(AM11="X",1,0)+IF(AN11="X",1,0)+IF(AO11="X",1,0),"") -> 0 | AX11: =IF(B11<>"",IF(OR(F11="X",F11=10),1,0)+IF(OR(G11="X",G11=10),1,0)+IF(OR(H11="X",H11=10),1,0)+IF(OR(I11="X",I11=10),1,0)+IF(OR(J11="X",J11=10),1,0)+IF(OR(K11="X",K11=10),1,0)+IF(OR(L11="X",L11=10),1,0)+IF(OR(M11="X",M11=10),1,0)+IF(OR(N11="X",N11=10),1,0)+IF(OR(O11="X",O11=10),1,0)+IF(OR(P11="X",P11=10),1,0)+IF(OR(Q11="X",Q11=10),1,0)+IF(OR(R11="X",R11=10),1,0)+IF(OR(S11="X",S11=10),1,0)+IF(OR(T11="X",T11=10),1,0)+IF(OR(U11="X",U11=10),1,0)+IF(OR(V11="X",V11=10),1,0)+IF(OR(W11="X",W11=10),1,0)+IF(OR(X11="X",X11=10),1,0)+IF(OR(Y11="X",Y11=10),1,0)+IF(OR(Z11="X",Z11=10),1,0)+IF(OR(AA11="X",AA11=10),1,0)+IF(OR(AB11="X",AB11=10),1,0)+IF(OR(AC11="X",AC11=10),1,0)+IF(OR(AD11="X",AD11=10),1,0)+IF(OR(AE11="X",AE11=10),1,0)+IF(OR(AF11="X",AF11=10),1,0)+IF(OR(AG11="X",AG11=10),1,0)+IF(OR(AH11="X",AH11=10),1,0)+IF(OR(AI11="X",AI11=10),1,0)+IF(OR(AJ11="X",AJ11=10),1,0)+IF(OR(AK11="X",AK11=10),1,0)+IF(OR(AL11="X",AL11=10),1,0)+IF(OR(AM11="X",AM11=10),1,0)+IF(OR(AN11="X",AN11=10),1,0)+IF(OR(AO11="X",AO11=10),1,0),"") -> 0 | AY11: =IF(B11<>"",IF(F11=9,1,0)+IF(G11=9,1,0)+IF(H11=9,1,0)+IF(I11=9,1,0)+IF(J11=9,1,0)+IF(K11=9,1,0)+IF(L11=9,1,0)+IF(M11=9,1,0)+IF(N11=9,1,0)+IF(O11=9,1,0)+IF(P11=9,1,0)+IF(Q11=9,1,0)+IF(R11=9,1,0)+IF(S11=9,1,0)+IF(T11=9,1,0)+IF(U11=9,1,0)+IF(V11=9,1,0)+IF(W11=9,1,0)+IF(X11=9,1,0)+IF(Y11=9,1,0)+IF(Z11=9,1,0)+IF(AA11=9,1,0)+IF(AB11=9,1,0)+IF(AC11=9,1,0)+IF(AD11=9,1,0)+IF(AE11=9,1,0)+IF(AF11=9,1,0)+IF(AG11=9,1,0)+IF(AH11=9,1,0)+IF(AI11=9,1,0)+IF(AJ11=9,1,0)+IF(AK11=9,1,0)+IF(AL11=9,1,0)+IF(AM11=9,1,0)+IF(AN11=9,1,0)+IF(AO11=9,1,0),"") -> 0 | AZ11: =IF(B11<>"",SUMPRODUCT(($AV$6:$AV$1000>AV11)*ISNUMBER($AV$6:$AV$1000))+1+SUMPRODUCT(($AV$6:$AV$1000=AV11)*($AW$6:$AW$1000>AW11)*ISNUMBER($AV$6:$AV$1000)*ISNUMBER($AW$6:$AW$1000))+SUMPRODUCT(($AV$6:$AV$1000=AV11)*($AW$6:$AW$1000=AW11)*($AX$6:$AX$1000>AX11)*ISNUMBER($AV$6:$AV$1000)*ISNUMBER($AX$6:$AX$1000))+SUMPRODUCT(($AV$6:$AV$1000=AV11)*($AW$6:$AW$1000=AW11)*($AX$6:$AX$1000=AX11)*($AY$6:$AY$1000>AY11)*ISNUMBER($AV$6:$AV$1000)*ISNUMBER($AY$6:$AY$1000)),"") -> 1 | BB11: =IF(B11<>"",SUMPRODUCT(($AV$6:$AV$1000>AV11)*ISNUMBER($AV$6:$AV$1000))+1+SUMPRODUCT(($AV$6:$AV$1000=AV11)*($AW$6:$AW$1000>AW11)*ISNUMBER($AV$6:$AV$1000)*ISNUMBER($AW$6:$AW$1000))+SUMPRODUCT(($AV$6:$AV$1000=AV11)*($AW$6:$AW$1000=AW11)*($AX$6:$AX$1000>AX11)*ISNUMBER($AV$6:$AV$1000)*ISNUMBER($AX$6:$AX$1000))+SUMPRODUCT(($AV$6:$AV$1000=AV11)*($AW$6:$AW$1000=AW11)*($AX$6:$AX$1000=AX11)*($AY$6:$AY$1000>AY11)*ISNUMBER($AV$6:$AV$1000)*ISNUMBER($AY$6:$AY$1000))+SUMPRODUCT(($AV$6:$AV$1000=AV11)*($AW$6:$AW$1000=AW11)*($AX$6:$AX$1000=AX11)*($AY$6:$AY$1000=AY11)*($BA$6:$BA$1000>BA11)*ISNUMBER($AV$6:$AV$1000)*ISNUMBER($BA$6:$BA$1000)),"") -> 1
A12: =IF(B12<>"",COUNTA($B$6:B12),"") -> 7 | B12: Aizen Zainna Quiellan M. Riego | C12: Olympic Recurve | D12: PAC Maybunga | E12: =IF(B12="","",IF(COUNTA($B$6:$B$69)<=(E5-D5+1),(D5+MOD(A12-1,(E5-D5+1))),(D5+MOD(A12-1,(E5-D5+1)))&CHAR(65+FLOOR((A12-1)/(E5-D5+1),1)))) -> 5B | AP12: =IF(B12<>"",IF(F12="X",10,IF(F12="M",0,IF(ISNUMBER(F12),F12,0)))+IF(G12="X",10,IF(G12="M",0,IF(ISNUMBER(G12),G12,0)))+IF(H12="X",10,IF(H12="M",0,IF(ISNUMBER(H12),H12,0)))+IF(I12="X",10,IF(I12="M",0,IF(ISNUMBER(I12),I12,0)))+IF(J12="X",10,IF(J12="M",0,IF(ISNUMBER(J12),J12,0)))+IF(K12="X",10,IF(K12="M",0,IF(ISNUMBER(K12),K12,0))),"") -> 0 | AQ12: =IF(B12<>"",IF(L12="X",10,IF(L12="M",0,IF(ISNUMBER(L12),L12,0)))+IF(M12="X",10,IF(M12="M",0,IF(ISNUMBER(M12),M12,0)))+IF(N12="X",10,IF(N12="M",0,IF(ISNUMBER(N12),N12,0)))+IF(O12="X",10,IF(O12="M",0,IF(ISNUMBER(O12),O12,0)))+IF(P12="X",10,IF(P12="M",0,IF(ISNUMBER(P12),P12,0)))+IF(Q12="X",10,IF(Q12="M",0,IF(ISNUMBER(Q12),Q12,0))),"") -> 0 | AR12: =IF(B12<>"",IF(R12="X",10,IF(R12="M",0,IF(ISNUMBER(R12),R12,0)))+IF(S12="X",10,IF(S12="M",0,IF(ISNUMBER(S12),S12,0)))+IF(T12="X",10,IF(T12="M",0,IF(ISNUMBER(T12),T12,0)))+IF(U12="X",10,IF(U12="M",0,IF(ISNUMBER(U12),U12,0)))+IF(V12="X",10,IF(V12="M",0,IF(ISNUMBER(V12),V12,0)))+IF(W12="X",10,IF(W12="M",0,IF(ISNUMBER(W12),W12,0))),"") -> 0 | AS12: =IF(B12<>"",IF(X12="X",10,IF(X12="M",0,IF(ISNUMBER(X12),X12,0)))+IF(Y12="X",10,IF(Y12="M",0,IF(ISNUMBER(Y12),Y12,0)))+IF(Z12="X",10,IF(Z12="M",0,IF(ISNUMBER(Z12),Z12,0)))+IF(AA12="X",10,IF(AA12="M",0,IF(ISNUMBER(AA12),AA12,0)))+IF(AB12="X",10,IF(AB12="M",0,IF(ISNUMBER(AB12),AB12,0)))+IF(AC12="X",10,IF(AC12="M",0,IF(ISNUMBER(AC12),AC12,0))),"") -> 0 | AT12: =IF(B12<>"",IF(AD12="X",10,IF(AD12="M",0,IF(ISNUMBER(AD12),AD12,0)))+IF(AE12="X",10,IF(AE12="M",0,IF(ISNUMBER(AE12),AE12,0)))+IF(AF12="X",10,IF(AF12="M",0,IF(ISNUMBER(AF12),AF12,0)))+IF(AG12="X",10,IF(AG12="M",0,IF(ISNUMBER(AG12),AG12,0)))+IF(AH12="X",10,IF(AH12="M",0,IF(ISNUMBER(AH12),AH12,0)))+IF(AI12="X",10,IF(AI12="M",0,IF(ISNUMBER(AI12),AI12,0))),"") -> 0 | AU12: =IF(B12<>"",IF(AJ12="X",10,IF(AJ12="M",0,IF(ISNUMBER(AJ12),AJ12,0)))+IF(AK12="X",10,IF(AK12="M",0,IF(ISNUMBER(AK12),AK12,0)))+IF(AL12="X",10,IF(AL12="M",0,IF(ISNUMBER(AL12),AL12,0)))+IF(AM12="X",10,IF(AM12="M",0,IF(ISNUMBER(AM12),AM12,0)))+IF(AN12="X",10,IF(AN12="M",0,IF(ISNUMBER(AN12),AN12,0)))+IF(AO12="X",10,IF(AO12="M",0,IF(ISNUMBER(AO12),AO12,0))),"") -> 0 | AV12: =IF(B12<>"",AP12+AQ12+AR12+AS12+AT12+AU12,"") -> 0 | AW12: =IF(B12<>"",IF(F12="X",1,0)+IF(G12="X",1,0)+IF(H12="X",1,0)+IF(I12="X",1,0)+IF(J12="X",1,0)+IF(K12="X",1,0)+IF(L12="X",1,0)+IF(M12="X",1,0)+IF(N12="X",1,0)+IF(O12="X",1,0)+IF(P12="X",1,0)+IF(Q12="X",1,0)+IF(R12="X",1,0)+IF(S12="X",1,0)+IF(T12="X",1,0)+IF(U12="X",1,0)+IF(V12="X",1,0)+IF(W12="X",1,0)+IF(X12="X",1,0)+IF(Y12="X",1,0)+IF(Z12="X",1,0)+IF(AA12="X",1,0)+IF(AB12="X",1,0)+IF(AC12="X",1,0)+IF(AD12="X",1,0)+IF(AE12="X",1,0)+IF(AF12="X",1,0)+IF(AG12="X",1,0)+IF(AH12="X",1,0)+IF(AI12="X",1,0)+IF(AJ12="X",1,0)+IF(AK12="X",1,0)+IF(AL12="X",1,0)+IF(AM12="X",1,0)+IF(AN12="X",1,0)+IF(AO12="X",1,0),"") -> 0 | AX12: =IF(B12<>"",IF(OR(F12="X",F12=10),1,0)+IF(OR(G12="X",G12=10),1,0)+IF(OR(H12="X",H12=10),1,0)+IF(OR(I12="X",I12=10),1,0)+IF(OR(J12="X",J12=10),1,0)+IF(OR(K12="X",K12=10),1,0)+IF(OR(L12="X",L12=10),1,0)+IF(OR(M12="X",M12=10),1,0)+IF(OR(N12="X",N12=10),1,0)+IF(OR(O12="X",O12=10),1,0)+IF(OR(P12="X",P12=10),1,0)+IF(OR(Q12="X",Q12=10),1,0)+IF(OR(R12="X",R12=10),1,0)+IF(OR(S12="X",S12=10),1,0)+IF(OR(T12="X",T12=10),1,0)+IF(OR(U12="X",U12=10),1,0)+IF(OR(V12="X",V12=10),1,0)+IF(OR(W12="X",W12=10),1,0)+IF(OR(X12="X",X12=10),1,0)+IF(OR(Y12="X",Y12=10),1,0)+IF(OR(Z12="X",Z12=10),1,0)+IF(OR(AA12="X",AA12=10),1,0)+IF(OR(AB12="X",AB12=10),1,0)+IF(OR(AC12="X",AC12=10),1,0)+IF(OR(AD12="X",AD12=10),1,0)+IF(OR(AE12="X",AE12=10),1,0)+IF(OR(AF12="X",AF12=10),1,0)+IF(OR(AG12="X",AG12=10),1,0)+IF(OR(AH12="X",AH12=10),1,0)+IF(OR(AI12="X",AI12=10),1,0)+IF(OR(AJ12="X",AJ12=10),1,0)+IF(OR(AK12="X",AK12=10),1,0)+IF(OR(AL12="X",AL12=10),1,0)+IF(OR(AM12="X",AM12=10),1,0)+IF(OR(AN12="X",AN12=10),1,0)+IF(OR(AO12="X",AO12=10),1,0),"") -> 0 | AY12: =IF(B12<>"",IF(F12=9,1,0)+IF(G12=9,1,0)+IF(H12=9,1,0)+IF(I12=9,1,0)+IF(J12=9,1,0)+IF(K12=9,1,0)+IF(L12=9,1,0)+IF(M12=9,1,0)+IF(N12=9,1,0)+IF(O12=9,1,0)+IF(P12=9,1,0)+IF(Q12=9,1,0)+IF(R12=9,1,0)+IF(S12=9,1,0)+IF(T12=9,1,0)+IF(U12=9,1,0)+IF(V12=9,1,0)+IF(W12=9,1,0)+IF(X12=9,1,0)+IF(Y12=9,1,0)+IF(Z12=9,1,0)+IF(AA12=9,1,0)+IF(AB12=9,1,0)+IF(AC12=9,1,0)+IF(AD12=9,1,0)+IF(AE12=9,1,0)+IF(AF12=9,1,0)+IF(AG12=9,1,0)+IF(AH12=9,1,0)+IF(AI12=9,1,0)+IF(AJ12=9,1,0)+IF(AK12=9,1,0)+IF(AL12=9,1,0)+IF(AM12=9,1,0)+IF(AN12=9,1,0)+IF(AO12=9,1,0),"") -> 0 | AZ12: =IF(B12<>"",SUMPRODUCT(($AV$6:$AV$1000>AV12)*ISNUMBER($AV$6:$AV$1000))+1+SUMPRODUCT(($AV$6:$AV$1000=AV12)*($AW$6:$AW$1000>AW12)*ISNUMBER($AV$6:$AV$1000)*ISNUMBER($AW$6:$AW$1000))+SUMPRODUCT(($AV$6:$AV$1000=AV12)*($AW$6:$AW$1000=AW12)*($AX$6:$AX$1000>AX12)*ISNUMBER($AV$6:$AV$1000)*ISNUMBER($AX$6:$AX$1000))+SUMPRODUCT(($AV$6:$AV$1000=AV12)*($AW$6:$AW$1000=AW12)*($AX$6:$AX$1000=AX12)*($AY$6:$AY$1000>AY12)*ISNUMBER($AV$6:$AV$1000)*ISNUMBER($AY$6:$AY$1000)),"") -> 1 | BB12: =IF(B12<>"",SUMPRODUCT(($AV$6:$AV$1000>AV12)*ISNUMBER($AV$6:$AV$1000))+1+SUMPRODUCT(($AV$6:$AV$1000=AV12)*($AW$6:$AW$1000>AW12)*ISNUMBER($AV$6:$AV$1000)*ISNUMBER($AW$6:$AW$1000))+SUMPRODUCT(($AV$6:$AV$1000=AV12)*($AW$6:$AW$1000=AW12)*($AX$6:$AX$1000>AX12)*ISNUMBER($AV$6:$AV$1000)*ISNUMBER($AX$6:$AX$1000))+SUMPRODUCT(($AV$6:$AV$1000=AV12)*($AW$6:$AW$1000=AW12)*($AX$6:$AX$1000=AX12)*($AY$6:$AY$1000>AY12)*ISNUMBER($AV$6:$AV$1000)*ISNUMBER($AY$6:$AY$1000))+SUMPRODUCT(($AV$6:$AV$1000=AV12)*($AW$6:$AW$1000=AW12)*($AX$6:$AX$1000=AX12)*($AY$6:$AY$1000=AY12)*($BA$6:$BA$1000>BA12)*ISNUMBER($AV$6:$AV$1000)*ISNUMBER($BA$6:$BA$1000)),"") -> 1
A13: =IF(B13<>"",COUNTA($B$6:B13),"") -> 8 | B13: Leira Maxene Lagrimas | C13: Olympic Recurve | D13: Brgy. Sta Lucia | E13: =IF(B13="","",IF(COUNTA($B$6:$B$69)<=(E5-D5+1),(D5+MOD(A13-1,(E5-D5+1))),(D5+MOD(A13-1,(E5-D5+1)))&CHAR(65+FLOOR((A13-1)/(E5-D5+1),1)))) -> 6B | AP13: =IF(B13<>"",IF(F13="X",10,IF(F13="M",0,IF(ISNUMBER(F13),F13,0)))+IF(G13="X",10,IF(G13="M",0,IF(ISNUMBER(G13),G13,0)))+IF(H13="X",10,IF(H13="M",0,IF(ISNUMBER(H13),H13,0)))+IF(I13="X",10,IF(I13="M",0,IF(ISNUMBER(I13),I13,0)))+IF(J13="X",10,IF(J13="M",0,IF(ISNUMBER(J13),J13,0)))+IF(K13="X",10,IF(K13="M",0,IF(ISNUMBER(K13),K13,0))),"") -> 0 | AQ13: =IF(B13<>"",IF(L13="X",10,IF(L13="M",0,IF(ISNUMBER(L13),L13,0)))+IF(M13="X",10,IF(M13="M",0,IF(ISNUMBER(M13),M13,0)))+IF(N13="X",10,IF(N13="M",0,IF(ISNUMBER(N13),N13,0)))+IF(O13="X",10,IF(O13="M",0,IF(ISNUMBER(O13),O13,0)))+IF(P13="X",10,IF(P13="M",0,IF(ISNUMBER(P13),P13,0)))+IF(Q13="X",10,IF(Q13="M",0,IF(ISNUMBER(Q13),Q13,0))),"") -> 0 | AR13: =IF(B13<>"",IF(R13="X",10,IF(R13="M",0,IF(ISNUMBER(R13),R13,0)))+IF(S13="X",10,IF(S13="M",0,IF(ISNUMBER(S13),S13,0)))+IF(T13="X",10,IF(T13="M",0,IF(ISNUMBER(T13),T13,0)))+IF(U13="X",10,IF(U13="M",0,IF(ISNUMBER(U13),U13,0)))+IF(V13="X",10,IF(V13="M",0,IF(ISNUMBER(V13),V13,0)))+IF(W13="X",10,IF(W13="M",0,IF(ISNUMBER(W13),W13,0))),"") -> 0 | AS13: =IF(B13<>"",IF(X13="X",10,IF(X13="M",0,IF(ISNUMBER(X13),X13,0)))+IF(Y13="X",10,IF(Y13="M",0,IF(ISNUMBER(Y13),Y13,0)))+IF(Z13="X",10,IF(Z13="M",0,IF(ISNUMBER(Z13),Z13,0)))+IF(AA13="X",10,IF(AA13="M",0,IF(ISNUMBER(AA13),AA13,0)))+IF(AB13="X",10,IF(AB13="M",0,IF(ISNUMBER(AB13),AB13,0)))+IF(AC13="X",10,IF(AC13="M",0,IF(ISNUMBER(AC13),AC13,0))),"") -> 0 | AT13: =IF(B13<>"",IF(AD13="X",10,IF(AD13="M",0,IF(ISNUMBER(AD13),AD13,0)))+IF(AE13="X",10,IF(AE13="M",0,IF(ISNUMBER(AE13),AE13,0)))+IF(AF13="X",10,IF(AF13="M",0,IF(ISNUMBER(AF13),AF13,0)))+IF(AG13="X",10,IF(AG13="M",0,IF(ISNUMBER(AG13),AG13,0)))+IF(AH13="X",10,IF(AH13="M",0,IF(ISNUMBER(AH13),AH13,0)))+IF(AI13="X",10,IF(AI13="M",0,IF(ISNUMBER(AI13),AI13,0))),"") -> 0 | AU13: =IF(B13<>"",IF(AJ13="X",10,IF(AJ13="M",0,IF(ISNUMBER(AJ13),AJ13,0)))+IF(AK13="X",10,IF(AK13="M",0,IF(ISNUMBER(AK13),AK13,0)))+IF(AL13="X",10,IF(AL13="M",0,IF(ISNUMBER(AL13),AL13,0)))+IF(AM13="X",10,IF(AM13="M",0,IF(ISNUMBER(AM13),AM13,0)))+IF(AN13="X",10,IF(AN13="M",0,IF(ISNUMBER(AN13),AN13,0)))+IF(AO13="X",10,IF(AO13="M",0,IF(ISNUMBER(AO13),AO13,0))),"") -> 0 | AV13: =IF(B13<>"",AP13+AQ13+AR13+AS13+AT13+AU13,"") -> 0 | AW13: =IF(B13<>"",IF(F13="X",1,0)+IF(G13="X",1,0)+IF(H13="X",1,0)+IF(I13="X",1,0)+IF(J13="X",1,0)+IF(K13="X",1,0)+IF(L13="X",1,0)+IF(M13="X",1,0)+IF(N13="X",1,0)+IF(O13="X",1,0)+IF(P13="X",1,0)+IF(Q13="X",1,0)+IF(R13="X",1,0)+IF(S13="X",1,0)+IF(T13="X",1,0)+IF(U13="X",1,0)+IF(V13="X",1,0)+IF(W13="X",1,0)+IF(X13="X",1,0)+IF(Y13="X",1,0)+IF(Z13="X",1,0)+IF(AA13="X",1,0)+IF(AB13="X",1,0)+IF(AC13="X",1,0)+IF(AD13="X",1,0)+IF(AE13="X",1,0)+IF(AF13="X",1,0)+IF(AG13="X",1,0)+IF(AH13="X",1,0)+IF(AI13="X",1,0)+IF(AJ13="X",1,0)+IF(AK13="X",1,0)+IF(AL13="X",1,0)+IF(AM13="X",1,0)+IF(AN13="X",1,0)+IF(AO13="X",1,0),"") -> 0 | AX13: =IF(B13<>"",IF(OR(F13="X",F13=10),1,0)+IF(OR(G13="X",G13=10),1,0)+IF(OR(H13="X",H13=10),1,0)+IF(OR(I13="X",I13=10),1,0)+IF(OR(J13="X",J13=10),1,0)+IF(OR(K13="X",K13=10),1,0)+IF(OR(L13="X",L13=10),1,0)+IF(OR(M13="X",M13=10),1,0)+IF(OR(N13="X",N13=10),1,0)+IF(OR(O13="X",O13=10),1,0)+IF(OR(P13="X",P13=10),1,0)+IF(OR(Q13="X",Q13=10),1,0)+IF(OR(R13="X",R13=10),1,0)+IF(OR(S13="X",S13=10),1,0)+IF(OR(T13="X",T13=10),1,0)+IF(OR(U13="X",U13=10),1,0)+IF(OR(V13="X",V13=10),1,0)+IF(OR(W13="X",W13=10),1,0)+IF(OR(X13="X",X13=10),1,0)+IF(OR(Y13="X",Y13=10),1,0)+IF(OR(Z13="X",Z13=10),1,0)+IF(OR(AA13="X",AA13=10),1,0)+IF(OR(AB13="X",AB13=10),1,0)+IF(OR(AC13="X",AC13=10),1,0)+IF(OR(AD13="X",AD13=10),1,0)+IF(OR(AE13="X",AE13=10),1,0)+IF(OR(AF13="X",AF13=10),1,0)+IF(OR(AG13="X",AG13=10),1,0)+IF(OR(AH13="X",AH13=10),1,0)+IF(OR(AI13="X",AI13=10),1,0)+IF(OR(AJ13="X",AJ13=10),1,0)+IF(OR(AK13="X",AK13=10),1,0)+IF(OR(AL13="X",AL13=10),1,0)+IF(OR(AM13="X",AM13=10),1,0)+IF(OR(AN13="X",AN13=10),1,0)+IF(OR(AO13="X",AO13=10),1,0),"") -> 0 | AY13: =IF(B13<>"",IF(F13=9,1,0)+IF(G13=9,1,0)+IF(H13=9,1,0)+IF(I13=9,1,0)+IF(J13=9,1,0)+IF(K13=9,1,0)+IF(L13=9,1,0)+IF(M13=9,1,0)+IF(N13=9,1,0)+IF(O13=9,1,0)+IF(P13=9,1,0)+IF(Q13=9,1,0)+IF(R13=9,1,0)+IF(S13=9,1,0)+IF(T13=9,1,0)+IF(U13=9,1,0)+IF(V13=9,1,0)+IF(W13=9,1,0)+IF(X13=9,1,0)+IF(Y13=9,1,0)+IF(Z13=9,1,0)+IF(AA13=9,1,0)+IF(AB13=9,1,0)+IF(AC13=9,1,0)+IF(AD13=9,1,0)+IF(AE13=9,1,0)+IF(AF13=9,1,0)+IF(AG13=9,1,0)+IF(AH13=9,1,0)+IF(AI13=9,1,0)+IF(AJ13=9,1,0)+IF(AK13=9,1,0)+IF(AL13=9,1,0)+IF(AM13=9,1,0)+IF(AN13=9,1,0)+IF(AO13=9,1,0),"") -> 0 | AZ13: =IF(B13<>"",SUMPRODUCT(($AV$6:$AV$1000>AV13)*ISNUMBER($AV$6:$AV$1000))+1+SUMPRODUCT(($AV$6:$AV$1000=AV13)*($AW$6:$AW$1000>AW13)*ISNUMBER($AV$6:$AV$1000)*ISNUMBER($AW$6:$AW$1000))+SUMPRODUCT(($AV$6:$AV$1000=AV13)*($AW$6:$AW$1000=AW13)*($AX$6:$AX$1000>AX13)*ISNUMBER($AV$6:$AV$1000)*ISNUMBER($AX$6:$AX$1000))+SUMPRODUCT(($AV$6:$AV$1000=AV13)*($AW$6:$AW$1000=AW13)*($AX$6:$AX$1000=AX13)*($AY$6:$AY$1000>AY13)*ISNUMBER($AV$6:$AV$1000)*ISNUMBER($AY$6:$AY$1000)),"") -> 1 | BB13: =IF(B13<>"",SUMPRODUCT(($AV$6:$AV$1000>AV13)*ISNUMBER($AV$6:$AV$1000))+1+SUMPRODUCT(($AV$6:$AV$1000=AV13)*($AW$6:$AW$1000>AW13)*ISNUMBER($AV$6:$AV$1000)*ISNUMBER($AW$6:$AW$1000))+SUMPRODUCT(($AV$6:$AV$1000=AV13)*($AW$6:$AW$1000=AW13)*($AX$6:$AX$1000>AX13)*ISNUMBER($AV$6:$AV$1000)*ISNUMBER($AX$6:$AX$1000))+SUMPRODUCT(($AV$6:$AV$1000=AV13)*($AW$6:$AW$1000=AW13)*($AX$6:$AX$1000=AX13)*($AY$6:$AY$1000>AY13)*ISNUMBER($AV$6:$AV$1000)*ISNUMBER($AY$6:$AY$1000))+SUMPRODUCT(($AV$6:$AV$1000=AV13)*($AW$6:$AW$1000=AW13)*($AX$6:$AX$1000=AX13)*($AY$6:$AY$1000=AY13)*($BA$6:$BA$1000>BA13)*ISNUMBER($AV$6:$AV$1000)*ISNUMBER($BA$6:$BA$1000)),"") -> 1
A14: =IF(B14<>"",COUNTA($B$6:B14),"") -> 9 | B14: Jasmine Eizelle P. Dipad | C14: Olympic Recurve | D14: N/A | E14: =IF(B14="","",IF(COUNTA($B$6:$B$69)<=(E5-D5+1),(D5+MOD(A14-1,(E5-D5+1))),(D5+MOD(A14-1,(E5-D5+1)))&CHAR(65+FLOOR((A14-1)/(E5-D5+1),1)))) -> 3C | AP14: =IF(B14<>"",IF(F14="X",10,IF(F14="M",0,IF(ISNUMBER(F14),F14,0)))+IF(G14="X",10,IF(G14="M",0,IF(ISNUMBER(G14),G14,0)))+IF(H14="X",10,IF(H14="M",0,IF(ISNUMBER(H14),H14,0)))+IF(I14="X",10,IF(I14="M",0,IF(ISNUMBER(I14),I14,0)))+IF(J14="X",10,IF(J14="M",0,IF(ISNUMBER(J14),J14,0)))+IF(K14="X",10,IF(K14="M",0,IF(ISNUMBER(K14),K14,0))),"") -> 0 | AQ14: =IF(B14<>"",IF(L14="X",10,IF(L14="M",0,IF(ISNUMBER(L14),L14,0)))+IF(M14="X",10,IF(M14="M",0,IF(ISNUMBER(M14),M14,0)))+IF(N14="X",10,IF(N14="M",0,IF(ISNUMBER(N14),N14,0)))+IF(O14="X",10,IF(O14="M",0,IF(ISNUMBER(O14),O14,0)))+IF(P14="X",10,IF(P14="M",0,IF(ISNUMBER(P14),P14,0)))+IF(Q14="X",10,IF(Q14="M",0,IF(ISNUMBER(Q14),Q14,0))),"") -> 0 | AR14: =IF(B14<>"",IF(R14="X",10,IF(R14="M",0,IF(ISNUMBER(R14),R14,0)))+IF(S14="X",10,IF(S14="M",0,IF(ISNUMBER(S14),S14,0)))+IF(T14="X",10,IF(T14="M",0,IF(ISNUMBER(T14),T14,0)))+IF(U14="X",10,IF(U14="M",0,IF(ISNUMBER(U14),U14,0)))+IF(V14="X",10,IF(V14="M",0,IF(ISNUMBER(V14),V14,0)))+IF(W14="X",10,IF(W14="M",0,IF(ISNUMBER(W14),W14,0))),"") -> 0 | AS14: =IF(B14<>"",IF(X14="X",10,IF(X14="M",0,IF(ISNUMBER(X14),X14,0)))+IF(Y14="X",10,IF(Y14="M",0,IF(ISNUMBER(Y14),Y14,0)))+IF(Z14="X",10,IF(Z14="M",0,IF(ISNUMBER(Z14),Z14,0)))+IF(AA14="X",10,IF(AA14="M",0,IF(ISNUMBER(AA14),AA14,0)))+IF(AB14="X",10,IF(AB14="M",0,IF(ISNUMBER(AB14),AB14,0)))+IF(AC14="X",10,IF(AC14="M",0,IF(ISNUMBER(AC14),AC14,0))),"") -> 0 | AT14: =IF(B14<>"",IF(AD14="X",10,IF(AD14="M",0,IF(ISNUMBER(AD14),AD14,0)))+IF(AE14="X",10,IF(AE14="M",0,IF(ISNUMBER(AE14),AE14,0)))+IF(AF14="X",10,IF(AF14="M",0,IF(ISNUMBER(AF14),AF14,0)))+IF(AG14="X",10,IF(AG14="M",0,IF(ISNUMBER(AG14),AG14,0)))+IF(AH14="X",10,IF(AH14="M",0,IF(ISNUMBER(AH14),AH14,0)))+IF(AI14="X",10,IF(AI14="M",0,IF(ISNUMBER(AI14),AI14,0))),"") -> 0 | AU14: =IF(B14<>"",IF(AJ14="X",10,IF(AJ14="M",0,IF(ISNUMBER(AJ14),AJ14,0)))+IF(AK14="X",10,IF(AK14="M",0,IF(ISNUMBER(AK14),AK14,0)))+IF(AL14="X",10,IF(AL14="M",0,IF(ISNUMBER(AL14),AL14,0)))+IF(AM14="X",10,IF(AM14="M",0,IF(ISNUMBER(AM14),AM14,0)))+IF(AN14="X",10,IF(AN14="M",0,IF(ISNUMBER(AN14),AN14,0)))+IF(AO14="X",10,IF(AO14="M",0,IF(ISNUMBER(AO14),AO14,0))),"") -> 0 | AV14: =IF(B14<>"",AP14+AQ14+AR14+AS14+AT14+AU14,"") -> 0 | AW14: =IF(B14<>"",IF(F14="X",1,0)+IF(G14="X",1,0)+IF(H14="X",1,0)+IF(I14="X",1,0)+IF(J14="X",1,0)+IF(K14="X",1,0)+IF(L14="X",1,0)+IF(M14="X",1,0)+IF(N14="X",1,0)+IF(O14="X",1,0)+IF(P14="X",1,0)+IF(Q14="X",1,0)+IF(R14="X",1,0)+IF(S14="X",1,0)+IF(T14="X",1,0)+IF(U14="X",1,0)+IF(V14="X",1,0)+IF(W14="X",1,0)+IF(X14="X",1,0)+IF(Y14="X",1,0)+IF(Z14="X",1,0)+IF(AA14="X",1,0)+IF(AB14="X",1,0)+IF(AC14="X",1,0)+IF(AD14="X",1,0)+IF(AE14="X",1,0)+IF(AF14="X",1,0)+IF(AG14="X",1,0)+IF(AH14="X",1,0)+IF(AI14="X",1,0)+IF(AJ14="X",1,0)+IF(AK14="X",1,0)+IF(AL14="X",1,0)+IF(AM14="X",1,0)+IF(AN14="X",1,0)+IF(AO14="X",1,0),"") -> 0 | AX14: =IF(B14<>"",IF(OR(F14="X",F14=10),1,0)+IF(OR(G14="X",G14=10),1,0)+IF(OR(H14="X",H14=10),1,0)+IF(OR(I14="X",I14=10),1,0)+IF(OR(J14="X",J14=10),1,0)+IF(OR(K14="X",K14=10),1,0)+IF(OR(L14="X",L14=10),1,0)+IF(OR(M14="X",M14=10),1,0)+IF(OR(N14="X",N14=10),1,0)+IF(OR(O14="X",O14=10),1,0)+IF(OR(P14="X",P14=10),1,0)+IF(OR(Q14="X",Q14=10),1,0)+IF(OR(R14="X",R14=10),1,0)+IF(OR(S14="X",S14=10),1,0)+IF(OR(T14="X",T14=10),1,0)+IF(OR(U14="X",U14=10),1,0)+IF(OR(V14="X",V14=10),1,0)+IF(OR(W14="X",W14=10),1,0)+IF(OR(X14="X",X14=10),1,0)+IF(OR(Y14="X",Y14=10),1,0)+IF(OR(Z14="X",Z14=10),1,0)+IF(OR(AA14="X",AA14=10),1,0)+IF(OR(AB14="X",AB14=10),1,0)+IF(OR(AC14="X",AC14=10),1,0)+IF(OR(AD14="X",AD14=10),1,0)+IF(OR(AE14="X",AE14=10),1,0)+IF(OR(AF14="X",AF14=10),1,0)+IF(OR(AG14="X",AG14=10),1,0)+IF(OR(AH14="X",AH14=10),1,0)+IF(OR(AI14="X",AI14=10),1,0)+IF(OR(AJ14="X",AJ14=10),1,0)+IF(OR(AK14="X",AK14=10),1,0)+IF(OR(AL14="X",AL14=10),1,0)+IF(OR(AM14="X",AM14=10),1,0)+IF(OR(AN14="X",AN14=10),1,0)+IF(OR(AO14="X",AO14=10),1,0),"") -> 0 | AY14: =IF(B14<>"",IF(F14=9,1,0)+IF(G14=9,1,0)+IF(H14=9,1,0)+IF(I14=9,1,0)+IF(J14=9,1,0)+IF(K14=9,1,0)+IF(L14=9,1,0)+IF(M14=9,1,0)+IF(N14=9,1,0)+IF(O14=9,1,0)+IF(P14=9,1,0)+IF(Q14=9,1,0)+IF(R14=9,1,0)+IF(S14=9,1,0)+IF(T14=9,1,0)+IF(U14=9,1,0)+IF(V14=9,1,0)+IF(W14=9,1,0)+IF(X14=9,1,0)+IF(Y14=9,1,0)+IF(Z14=9,1,0)+IF(AA14=9,1,0)+IF(AB14=9,1,0)+IF(AC14=9,1,0)+IF(AD14=9,1,0)+IF(AE14=9,1,0)+IF(AF14=9,1,0)+IF(AG14=9,1,0)+IF(AH14=9,1,0)+IF(AI14=9,1,0)+IF(AJ14=9,1,0)+IF(AK14=9,1,0)+IF(AL14=9,1,0)+IF(AM14=9,1,0)+IF(AN14=9,1,0)+IF(AO14=9,1,0),"") -> 0 | AZ14: =IF(B14<>"",SUMPRODUCT(($AV$6:$AV$1000>AV14)*ISNUMBER($AV$6:$AV$1000))+1+SUMPRODUCT(($AV$6:$AV$1000=AV14)*($AW$6:$AW$1000>AW14)*ISNUMBER($AV$6:$AV$1000)*ISNUMBER($AW$6:$AW$1000))+SUMPRODUCT(($AV$6:$AV$1000=AV14)*($AW$6:$AW$1000=AW14)*($AX$6:$AX$1000>AX14)*ISNUMBER($AV$6:$AV$1000)*ISNUMBER($AX$6:$AX$1000))+SUMPRODUCT(($AV$6:$AV$1000=AV14)*($AW$6:$AW$1000=AW14)*($AX$6:$AX$1000=AX14)*($AY$6:$AY$1000>AY14)*ISNUMBER($AV$6:$AV$1000)*ISNUMBER($AY$6:$AY$1000)),"") -> 1 | BB14: =IF(B14<>"",SUMPRODUCT(($AV$6:$AV$1000>AV14)*ISNUMBER($AV$6:$AV$1000))+1+SUMPRODUCT(($AV$6:$AV$1000=AV14)*($AW$6:$AW$1000>AW14)*ISNUMBER($AV$6:$AV$1000)*ISNUMBER($AW$6:$AW$1000))+SUMPRODUCT(($AV$6:$AV$1000=AV14)*($AW$6:$AW$1000=AW14)*($AX$6:$AX$1000>AX14)*ISNUMBER($AV$6:$AV$1000)*ISNUMBER($AX$6:$AX$1000))+SUMPRODUCT(($AV$6:$AV$1000=AV14)*($AW$6:$AW$1000=AW14)*($AX$6:$AX$1000=AX14)*($AY$6:$AY$1000>AY14)*ISNUMBER($AV$6:$AV$1000)*ISNUMBER($AY$6:$AY$1000))+SUMPRODUCT(($AV$6:$AV$1000=AV14)*($AW$6:$AW$1000=AW14)*($AX$6:$AX$1000=AX14)*($AY$6:$AY$1000=AY14)*($BA$6:$BA$1000>BA14)*ISNUMBER($AV$6:$AV$1000)*ISNUMBER($BA$6:$BA$1000)),"") -> 1
A15: =IF(B15<>"",COUNTA($B$6:B15),"") -> 10 | B15: Allan Chew | C15: Olympic Recurve | D15: Attack Arena | E15: =IF(B15="","",IF(COUNTA($B$6:$B$69)<=(E5-D5+1),(D5+MOD(A15-1,(E5-D5+1))),(D5+MOD(A15-1,(E5-D5+1)))&CHAR(65+FLOOR((A15-1)/(E5-D5+1),1)))) -> 4C | AP15: =IF(B15<>"",IF(F15="X",10,IF(F15="M",0,IF(ISNUMBER(F15),F15,0)))+IF(G15="X",10,IF(G15="M",0,IF(ISNUMBER(G15),G15,0)))+IF(H15="X",10,IF(H15="M",0,IF(ISNUMBER(H15),H15,0)))+IF(I15="X",10,IF(I15="M",0,IF(ISNUMBER(I15),I15,0)))+IF(J15="X",10,IF(J15="M",0,IF(ISNUMBER(J15),J15,0)))+IF(K15="X",10,IF(K15="M",0,IF(ISNUMBER(K15),K15,0))),"") -> 0 | AQ15: =IF(B15<>"",IF(L15="X",10,IF(L15="M",0,IF(ISNUMBER(L15),L15,0)))+IF(M15="X",10,IF(M15="M",0,IF(ISNUMBER(M15),M15,0)))+IF(N15="X",10,IF(N15="M",0,IF(ISNUMBER(N15),N15,0)))+IF(O15="X",10,IF(O15="M",0,IF(ISNUMBER(O15),O15,0)))+IF(P15="X",10,IF(P15="M",0,IF(ISNUMBER(P15),P15,0)))+IF(Q15="X",10,IF(Q15="M",0,IF(ISNUMBER(Q15),Q15,0))),"") -> 0 | AR15: =IF(B15<>"",IF(R15="X",10,IF(R15="M",0,IF(ISNUMBER(R15),R15,0)))+IF(S15="X",10,IF(S15="M",0,IF(ISNUMBER(S15),S15,0)))+IF(T15="X",10,IF(T15="M",0,IF(ISNUMBER(T15),T15,0)))+IF(U15="X",10,IF(U15="M",0,IF(ISNUMBER(U15),U15,0)))+IF(V15="X",10,IF(V15="M",0,IF(ISNUMBER(V15),V15,0)))+IF(W15="X",10,IF(W15="M",0,IF(ISNUMBER(W15),W15,0))),"") -> 0 | AS15: =IF(B15<>"",IF(X15="X",10,IF(X15="M",0,IF(ISNUMBER(X15),X15,0)))+IF(Y15="X",10,IF(Y15="M",0,IF(ISNUMBER(Y15),Y15,0)))+IF(Z15="X",10,IF(Z15="M",0,IF(ISNUMBER(Z15),Z15,0)))+IF(AA15="X",10,IF(AA15="M",0,IF(ISNUMBER(AA15),AA15,0)))+IF(AB15="X",10,IF(AB15="M",0,IF(ISNUMBER(AB15),AB15,0)))+IF(AC15="X",10,IF(AC15="M",0,IF(ISNUMBER(AC15),AC15,0))),"") -> 0 | AT15: =IF(B15<>"",IF(AD15="X",10,IF(AD15="M",0,IF(ISNUMBER(AD15),AD15,0)))+IF(AE15="X",10,IF(AE15="M",0,IF(ISNUMBER(AE15),AE15,0)))+IF(AF15="X",10,IF(AF15="M",0,IF(ISNUMBER(AF15),AF15,0)))+IF(AG15="X",10,IF(AG15="M",0,IF(ISNUMBER(AG15),AG15,0)))+IF(AH15="X",10,IF(AH15="M",0,IF(ISNUMBER(AH15),AH15,0)))+IF(AI15="X",10,IF(AI15="M",0,IF(ISNUMBER(AI15),AI15,0))),"") -> 0 | AU15: =IF(B15<>"",IF(AJ15="X",10,IF(AJ15="M",0,IF(ISNUMBER(AJ15),AJ15,0)))+IF(AK15="X",10,IF(AK15="M",0,IF(ISNUMBER(AK15),AK15,0)))+IF(AL15="X",10,IF(AL15="M",0,IF(ISNUMBER(AL15),AL15,0)))+IF(AM15="X",10,IF(AM15="M",0,IF(ISNUMBER(AM15),AM15,0)))+IF(AN15="X",10,IF(AN15="M",0,IF(ISNUMBER(AN15),AN15,0)))+IF(AO15="X",10,IF(AO15="M",0,IF(ISNUMBER(AO15),AO15,0))),"") -> 0 | AV15: =IF(B15<>"",AP15+AQ15+AR15+AS15+AT15+AU15,"") -> 0 | AW15: =IF(B15<>"",IF(F15="X",1,0)+IF(G15="X",1,0)+IF(H15="X",1,0)+IF(I15="X",1,0)+IF(J15="X",1,0)+IF(K15="X",1,0)+IF(L15="X",1,0)+IF(M15="X",1,0)+IF(N15="X",1,0)+IF(O15="X",1,0)+IF(P15="X",1,0)+IF(Q15="X",1,0)+IF(R15="X",1,0)+IF(S15="X",1,0)+IF(T15="X",1,0)+IF(U15="X",1,0)+IF(V15="X",1,0)+IF(W15="X",1,0)+IF(X15="X",1,0)+IF(Y15="X",1,0)+IF(Z15="X",1,0)+IF(AA15="X",1,0)+IF(AB15="X",1,0)+IF(AC15="X",1,0)+IF(AD15="X",1,0)+IF(AE15="X",1,0)+IF(AF15="X",1,0)+IF(AG15="X",1,0)+IF(AH15="X",1,0)+IF(AI15="X",1,0)+IF(AJ15="X",1,0)+IF(AK15="X",1,0)+IF(AL15="X",1,0)+IF(AM15="X",1,0)+IF(AN15="X",1,0)+IF(AO15="X",1,0),"") -> 0 | AX15: =IF(B15<>"",IF(OR(F15="X",F15=10),1,0)+IF(OR(G15="X",G15=10),1,0)+IF(OR(H15="X",H15=10),1,0)+IF(OR(I15="X",I15=10),1,0)+IF(OR(J15="X",J15=10),1,0)+IF(OR(K15="X",K15=10),1,0)+IF(OR(L15="X",L15=10),1,0)+IF(OR(M15="X",M15=10),1,0)+IF(OR(N15="X",N15=10),1,0)+IF(OR(O15="X",O15=10),1,0)+IF(OR(P15="X",P15=10),1,0)+IF(OR(Q15="X",Q15=10),1,0)+IF(OR(R15="X",R15=10),1,0)+IF(OR(S15="X",S15=10),1,0)+IF(OR(T15="X",T15=10),1,0)+IF(OR(U15="X",U15=10),1,0)+IF(OR(V15="X",V15=10),1,0)+IF(OR(W15="X",W15=10),1,0)+IF(OR(X15="X",X15=10),1,0)+IF(OR(Y15="X",Y15=10),1,0)+IF(OR(Z15="X",Z15=10),1,0)+IF(OR(AA15="X",AA15=10),1,0)+IF(OR(AB15="X",AB15=10),1,0)+IF(OR(AC15="X",AC15=10),1,0)+IF(OR(AD15="X",AD15=10),1,0)+IF(OR(AE15="X",AE15=10),1,0)+IF(OR(AF15="X",AF15=10),1,0)+IF(OR(AG15="X",AG15=10),1,0)+IF(OR(AH15="X",AH15=10),1,0)+IF(OR(AI15="X",AI15=10),1,0)+IF(OR(AJ15="X",AJ15=10),1,0)+IF(OR(AK15="X",AK15=10),1,0)+IF(OR(AL15="X",AL15=10),1,0)+IF(OR(AM15="X",AM15=10),1,0)+IF(OR(AN15="X",AN15=10),1,0)+IF(OR(AO15="X",AO15=10),1,0),"") -> 0 | AY15: =IF(B15<>"",IF(F15=9,1,0)+IF(G15=9,1,0)+IF(H15=9,1,0)+IF(I15=9,1,0)+IF(J15=9,1,0)+IF(K15=9,1,0)+IF(L15=9,1,0)+IF(M15=9,1,0)+IF(N15=9,1,0)+IF(O15=9,1,0)+IF(P15=9,1,0)+IF(Q15=9,1,0)+IF(R15=9,1,0)+IF(S15=9,1,0)+IF(T15=9,1,0)+IF(U15=9,1,0)+IF(V15=9,1,0)+IF(W15=9,1,0)+IF(X15=9,1,0)+IF(Y15=9,1,0)+IF(Z15=9,1,0)+IF(AA15=9,1,0)+IF(AB15=9,1,0)+IF(AC15=9,1,0)+IF(AD15=9,1,0)+IF(AE15=9,1,0)+IF(AF15=9,1,0)+IF(AG15=9,1,0)+IF(AH15=9,1,0)+IF(AI15=9,1,0)+IF(AJ15=9,1,0)+IF(AK15=9,1,0)+IF(AL15=9,1,0)+IF(AM15=9,1,0)+IF(AN15=9,1,0)+IF(AO15=9,1,0),"") -> 0 | AZ15: =IF(B15<>"",SUMPRODUCT(($AV$6:$AV$1000>AV15)*ISNUMBER($AV$6:$AV$1000))+1+SUMPRODUCT(($AV$6:$AV$1000=AV15)*($AW$6:$AW$1000>AW15)*ISNUMBER($AV$6:$AV$1000)*ISNUMBER($AW$6:$AW$1000))+SUMPRODUCT(($AV$6:$AV$1000=AV15)*($AW$6:$AW$1000=AW15)*($AX$6:$AX$1000>AX15)*ISNUMBER($AV$6:$AV$1000)*ISNUMBER($AX$6:$AX$1000))+SUMPRODUCT(($AV$6:$AV$1000=AV15)*($AW$6:$AW$1000=AW15)*($AX$6:$AX$1000=AX15)*($AY$6:$AY$1000>AY15)*ISNUMBER($AV$6:$AV$1000)*ISNUMBER($AY$6:$AY$1000)),"") -> 1 | BB15: =IF(B15<>"",SUMPRODUCT(($AV$6:$AV$1000>AV15)*ISNUMBER($AV$6:$AV$1000))+1+SUMPRODUCT(($AV$6:$AV$1000=AV15)*($AW$6:$AW$1000>AW15)*ISNUMBER($AV$6:$AV$1000)*ISNUMBER($AW$6:$AW$1000))+SUMPRODUCT(($AV$6:$AV$1000=AV15)*($AW$6:$AW$1000=AW15)*($AX$6:$AX$1000>AX15)*ISNUMBER($AV$6:$AV$1000)*ISNUMBER($AX$6:$AX$1000))+SUMPRODUCT(($AV$6:$AV$1000=AV15)*($AW$6:$AW$1000=AW15)*($AX$6:$AX$1000=AX15)*($AY$6:$AY$1000>AY15)*ISNUMBER($AV$6:$AV$1000)*ISNUMBER($AY$6:$AY$1000))+SUMPRODUCT(($AV$6:$AV$1000=AV15)*($AW$6:$AW$1000=AW15)*($AX$6:$AX$1000=AX15)*($AY$6:$AY$1000=AY15)*($BA$6:$BA$1000>BA15)*ISNUMBER($AV$6:$AV$1000)*ISNUMBER($BA$6:$BA$1000)),"") -> 1
A16: =IF(B16<>"",COUNTA($B$6:B16),"") -> 11 | B16: Myckhielle Joji Tan | C16: Olympic Recurve | D16: Attack Arena | E16: =IF(B16="","",IF(COUNTA($B$6:$B$69)<=(E5-D5+1),(D5+MOD(A16-1,(E5-D5+1))),(D5+MOD(A16-1,(E5-D5+1)))&CHAR(65+FLOOR((A16-1)/(E5-D5+1),1)))) -> 5C | AP16: =IF(B16<>"",IF(F16="X",10,IF(F16="M",0,IF(ISNUMBER(F16),F16,0)))+IF(G16="X",10,IF(G16="M",0,IF(ISNUMBER(G16),G16,0)))+IF(H16="X",10,IF(H16="M",0,IF(ISNUMBER(H16),H16,0)))+IF(I16="X",10,IF(I16="M",0,IF(ISNUMBER(I16),I16,0)))+IF(J16="X",10,IF(J16="M",0,IF(ISNUMBER(J16),J16,0)))+IF(K16="X",10,IF(K16="M",0,IF(ISNUMBER(K16),K16,0))),"") -> 0 | AQ16: =IF(B16<>"",IF(L16="X",10,IF(L16="M",0,IF(ISNUMBER(L16),L16,0)))+IF(M16="X",10,IF(M16="M",0,IF(ISNUMBER(M16),M16,0)))+IF(N16="X",10,IF(N16="M",0,IF(ISNUMBER(N16),N16,0)))+IF(O16="X",10,IF(O16="M",0,IF(ISNUMBER(O16),O16,0)))+IF(P16="X",10,IF(P16="M",0,IF(ISNUMBER(P16),P16,0)))+IF(Q16="X",10,IF(Q16="M",0,IF(ISNUMBER(Q16),Q16,0))),"") -> 0 | AR16: =IF(B16<>"",IF(R16="X",10,IF(R16="M",0,IF(ISNUMBER(R16),R16,0)))+IF(S16="X",10,IF(S16="M",0,IF(ISNUMBER(S16),S16,0)))+IF(T16="X",10,IF(T16="M",0,IF(ISNUMBER(T16),T16,0)))+IF(U16="X",10,IF(U16="M",0,IF(ISNUMBER(U16),U16,0)))+IF(V16="X",10,IF(V16="M",0,IF(ISNUMBER(V16),V16,0)))+IF(W16="X",10,IF(W16="M",0,IF(ISNUMBER(W16),W16,0))),"") -> 0 | AS16: =IF(B16<>"",IF(X16="X",10,IF(X16="M",0,IF(ISNUMBER(X16),X16,0)))+IF(Y16="X",10,IF(Y16="M",0,IF(ISNUMBER(Y16),Y16,0)))+IF(Z16="X",10,IF(Z16="M",0,IF(ISNUMBER(Z16),Z16,0)))+IF(AA16="X",10,IF(AA16="M",0,IF(ISNUMBER(AA16),AA16,0)))+IF(AB16="X",10,IF(AB16="M",0,IF(ISNUMBER(AB16),AB16,0)))+IF(AC16="X",10,IF(AC16="M",0,IF(ISNUMBER(AC16),AC16,0))),"") -> 0 | AT16: =IF(B16<>"",IF(AD16="X",10,IF(AD16="M",0,IF(ISNUMBER(AD16),AD16,0)))+IF(AE16="X",10,IF(AE16="M",0,IF(ISNUMBER(AE16),AE16,0)))+IF(AF16="X",10,IF(AF16="M",0,IF(ISNUMBER(AF16),AF16,0)))+IF(AG16="X",10,IF(AG16="M",0,IF(ISNUMBER(AG16),AG16,0)))+IF(AH16="X",10,IF(AH16="M",0,IF(ISNUMBER(AH16),AH16,0)))+IF(AI16="X",10,IF(AI16="M",0,IF(ISNUMBER(AI16),AI16,0))),"") -> 0 | AU16: =IF(B16<>"",IF(AJ16="X",10,IF(AJ16="M",0,IF(ISNUMBER(AJ16),AJ16,0)))+IF(AK16="X",10,IF(AK16="M",0,IF(ISNUMBER(AK16),AK16,0)))+IF(AL16="X",10,IF(AL16="M",0,IF(ISNUMBER(AL16),AL16,0)))+IF(AM16="X",10,IF(AM16="M",0,IF(ISNUMBER(AM16),AM16,0)))+IF(AN16="X",10,IF(AN16="M",0,IF(ISNUMBER(AN16),AN16,0)))+IF(AO16="X",10,IF(AO16="M",0,IF(ISNUMBER(AO16),AO16,0))),"") -> 0 | AV16: =IF(B16<>"",AP16+AQ16+AR16+AS16+AT16+AU16,"") -> 0 | AW16: =IF(B16<>"",IF(F16="X",1,0)+IF(G16="X",1,0)+IF(H16="X",1,0)+IF(I16="X",1,0)+IF(J16="X",1,0)+IF(K16="X",1,0)+IF(L16="X",1,0)+IF(M16="X",1,0)+IF(N16="X",1,0)+IF(O16="X",1,0)+IF(P16="X",1,0)+IF(Q16="X",1,0)+IF(R16="X",1,0)+IF(S16="X",1,0)+IF(T16="X",1,0)+IF(U16="X",1,0)+IF(V16="X",1,0)+IF(W16="X",1,0)+IF(X16="X",1,0)+IF(Y16="X",1,0)+IF(Z16="X",1,0)+IF(AA16="X",1,0)+IF(AB16="X",1,0)+IF(AC16="X",1,0)+IF(AD16="X",1,0)+IF(AE16="X",1,0)+IF(AF16="X",1,0)+IF(AG16="X",1,0)+IF(AH16="X",1,0)+IF(AI16="X",1,0)+IF(AJ16="X",1,0)+IF(AK16="X",1,0)+IF(AL16="X",1,0)+IF(AM16="X",1,0)+IF(AN16="X",1,0)+IF(AO16="X",1,0),"") -> 0 | AX16: =IF(B16<>"",IF(OR(F16="X",F16=10),1,0)+IF(OR(G16="X",G16=10),1,0)+IF(OR(H16="X",H16=10),1,0)+IF(OR(I16="X",I16=10),1,0)+IF(OR(J16="X",J16=10),1,0)+IF(OR(K16="X",K16=10),1,0)+IF(OR(L16="X",L16=10),1,0)+IF(OR(M16="X",M16=10),1,0)+IF(OR(N16="X",N16=10),1,0)+IF(OR(O16="X",O16=10),1,0)+IF(OR(P16="X",P16=10),1,0)+IF(OR(Q16="X",Q16=10),1,0)+IF(OR(R16="X",R16=10),1,0)+IF(OR(S16="X",S16=10),1,0)+IF(OR(T16="X",T16=10),1,0)+IF(OR(U16="X",U16=10),1,0)+IF(OR(V16="X",V16=10),1,0)+IF(OR(W16="X",W16=10),1,0)+IF(OR(X16="X",X16=10),1,0)+IF(OR(Y16="X",Y16=10),1,0)+IF(OR(Z16="X",Z16=10),1,0)+IF(OR(AA16="X",AA16=10),1,0)+IF(OR(AB16="X",AB16=10),1,0)+IF(OR(AC16="X",AC16=10),1,0)+IF(OR(AD16="X",AD16=10),1,0)+IF(OR(AE16="X",AE16=10),1,0)+IF(OR(AF16="X",AF16=10),1,0)+IF(OR(AG16="X",AG16=10),1,0)+IF(OR(AH16="X",AH16=10),1,0)+IF(OR(AI16="X",AI16=10),1,0)+IF(OR(AJ16="X",AJ16=10),1,0)+IF(OR(AK16="X",AK16=10),1,0)+IF(OR(AL16="X",AL16=10),1,0)+IF(OR(AM16="X",AM16=10),1,0)+IF(OR(AN16="X",AN16=10),1,0)+IF(OR(AO16="X",AO16=10),1,0),"") -> 0 | AY16: =IF(B16<>"",IF(F16=9,1,0)+IF(G16=9,1,0)+IF(H16=9,1,0)+IF(I16=9,1,0)+IF(J16=9,1,0)+IF(K16=9,1,0)+IF(L16=9,1,0)+IF(M16=9,1,0)+IF(N16=9,1,0)+IF(O16=9,1,0)+IF(P16=9,1,0)+IF(Q16=9,1,0)+IF(R16=9,1,0)+IF(S16=9,1,0)+IF(T16=9,1,0)+IF(U16=9,1,0)+IF(V16=9,1,0)+IF(W16=9,1,0)+IF(X16=9,1,0)+IF(Y16=9,1,0)+IF(Z16=9,1,0)+IF(AA16=9,1,0)+IF(AB16=9,1,0)+IF(AC16=9,1,0)+IF(AD16=9,1,0)+IF(AE16=9,1,0)+IF(AF16=9,1,0)+IF(AG16=9,1,0)+IF(AH16=9,1,0)+IF(AI16=9,1,0)+IF(AJ16=9,1,0)+IF(AK16=9,1,0)+IF(AL16=9,1,0)+IF(AM16=9,1,0)+IF(AN16=9,1,0)+IF(AO16=9,1,0),"") -> 0 | AZ16: =IF(B16<>"",SUMPRODUCT(($AV$6:$AV$1000>AV16)*ISNUMBER($AV$6:$AV$1000))+1+SUMPRODUCT(($AV$6:$AV$1000=AV16)*($AW$6:$AW$1000>AW16)*ISNUMBER($AV$6:$AV$1000)*ISNUMBER($AW$6:$AW$1000))+SUMPRODUCT(($AV$6:$AV$1000=AV16)*($AW$6:$AW$1000=AW16)*($AX$6:$AX$1000>AX16)*ISNUMBER($AV$6:$AV$1000)*ISNUMBER($AX$6:$AX$1000))+SUMPRODUCT(($AV$6:$AV$1000=AV16)*($AW$6:$AW$1000=AW16)*($AX$6:$AX$1000=AX16)*($AY$6:$AY$1000>AY16)*ISNUMBER($AV$6:$AV$1000)*ISNUMBER($AY$6:$AY$1000)),"") -> 1 | BB16: =IF(B16<>"",SUMPRODUCT(($AV$6:$AV$1000>AV16)*ISNUMBER($AV$6:$AV$1000))+1+SUMPRODUCT(($AV$6:$AV$1000=AV16)*($AW$6:$AW$1000>AW16)*ISNUMBER($AV$6:$AV$1000)*ISNUMBER($AW$6:$AW$1000))+SUMPRODUCT(($AV$6:$AV$1000=AV16)*($AW$6:$AW$1000=AW16)*($AX$6:$AX$1000>AX16)*ISNUMBER($AV$6:$AV$1000)*ISNUMBER($AX$6:$AX$1000))+SUMPRODUCT(($AV$6:$AV$1000=AV16)*($AW$6:$AW$1000=AW16)*($AX$6:$AX$1000=AX16)*($AY$6:$AY$1000>AY16)*ISNUMBER($AV$6:$AV$1000)*ISNUMBER($AY$6:$AY$1000))+SUMPRODUCT(($AV$6:$AV$1000=AV16)*($AW$6:$AW$1000=AW16)*($AX$6:$AX$1000=AX16)*($AY$6:$AY$1000=AY16)*($BA$6:$BA$1000>BA16)*ISNUMBER($AV$6:$AV$1000)*ISNUMBER($BA$6:$BA$1000)),"") -> 1
A17: =IF(B17<>"",COUNTA($B$6:B17),"") | E17: =IF(B17="","",IF(COUNTA($B$6:$B$69)<=(E5-D5+1),(D5+MOD(A17-1,(E5-D5+1))),(D5+MOD(A17-1,(E5-D5+1)))&CHAR(65+FLOOR((A17-1)/(E5-D5+1),1)))) | AP17: =IF(B17<>"",IF(F17="X",10,IF(F17="M",0,IF(ISNUMBER(F17),F17,0)))+IF(G17="X",10,IF(G17="M",0,IF(ISNUMBER(G17),G17,0)))+IF(H17="X",10,IF(H17="M",0,IF(ISNUMBER(H17),H17,0)))+IF(I17="X",10,IF(I17="M",0,IF(ISNUMBER(I17),I17,0)))+IF(J17="X",10,IF(J17="M",0,IF(ISNUMBER(J17),J17,0)))+IF(K17="X",10,IF(K17="M",0,IF(ISNUMBER(K17),K17,0))),"") | AQ17: =IF(B17<>"",IF(L17="X",10,IF(L17="M",0,IF(ISNUMBER(L17),L17,0)))+IF(M17="X",10,IF(M17="M",0,IF(ISNUMBER(M17),M17,0)))+IF(N17="X",10,IF(N17="M",0,IF(ISNUMBER(N17),N17,0)))+IF(O17="X",10,IF(O17="M",0,IF(ISNUMBER(O17),O17,0)))+IF(P17="X",10,IF(P17="M",0,IF(ISNUMBER(P17),P17,0)))+IF(Q17="X",10,IF(Q17="M",0,IF(ISNUMBER(Q17),Q17,0))),"") | AR17: =IF(B17<>"",IF(R17="X",10,IF(R17="M",0,IF(ISNUMBER(R17),R17,0)))+IF(S17="X",10,IF(S17="M",0,IF(ISNUMBER(S17),S17,0)))+IF(T17="X",10,IF(T17="M",0,IF(ISNUMBER(T17),T17,0)))+IF(U17="X",10,IF(U17="M",0,IF(ISNUMBER(U17),U17,0)))+IF(V17="X",10,IF(V17="M",0,IF(ISNUMBER(V17),V17,0)))+IF(W17="X",10,IF(W17="M",0,IF(ISNUMBER(W17),W17,0))),"") | AS17: =IF(B17<>"",IF(X17="X",10,IF(X17="M",0,IF(ISNUMBER(X17),X17,0)))+IF(Y17="X",10,IF(Y17="M",0,IF(ISNUMBER(Y17),Y17,0)))+IF(Z17="X",10,IF(Z17="M",0,IF(ISNUMBER(Z17),Z17,0)))+IF(AA17="X",10,IF(AA17="M",0,IF(ISNUMBER(AA17),AA17,0)))+IF(AB17="X",10,IF(AB17="M",0,IF(ISNUMBER(AB17),AB17,0)))+IF(AC17="X",10,IF(AC17="M",0,IF(ISNUMBER(AC17),AC17,0))),"") | AT17: =IF(B17<>"",IF(AD17="X",10,IF(AD17="M",0,IF(ISNUMBER(AD17),AD17,0)))+IF(AE17="X",10,IF(AE17="M",0,IF(ISNUMBER(AE17),AE17,0)))+IF(AF17="X",10,IF(AF17="M",0,IF(ISNUMBER(AF17),AF17,0)))+IF(AG17="X",10,IF(AG17="M",0,IF(ISNUMBER(AG17),AG17,0)))+IF(AH17="X",10,IF(AH17="M",0,IF(ISNUMBER(AH17),AH17,0)))+IF(AI17="X",10,IF(AI17="M",0,IF(ISNUMBER(AI17),AI17,0))),"") | AU17: =IF(B17<>"",IF(AJ17="X",10,IF(AJ17="M",0,IF(ISNUMBER(AJ17),AJ17,0)))+IF(AK17="X",10,IF(AK17="M",0,IF(ISNUMBER(AK17),AK17,0)))+IF(AL17="X",10,IF(AL17="M",0,IF(ISNUMBER(AL17),AL17,0)))+IF(AM17="X",10,IF(AM17="M",0,IF(ISNUMBER(AM17),AM17,0)))+IF(AN17="X",10,IF(AN17="M",0,IF(ISNUMBER(AN17),AN17,0)))+IF(AO17="X",10,IF(AO17="M",0,IF(ISNUMBER(AO17),AO17,0))),"") | AV17: =IF(B17<>"",AP17+AQ17+AR17+AS17+AT17+AU17,"") | AW17: =IF(B17<>"",IF(F17="X",1,0)+IF(G17="X",1,0)+IF(H17="X",1,0)+IF(I17="X",1,0)+IF(J17="X",1,0)+IF(K17="X",1,0)+IF(L17="X",1,0)+IF(M17="X",1,0)+IF(N17="X",1,0)+IF(O17="X",1,0)+IF(P17="X",1,0)+IF(Q17="X",1,0)+IF(R17="X",1,0)+IF(S17="X",1,0)+IF(T17="X",1,0)+IF(U17="X",1,0)+IF(V17="X",1,0)+IF(W17="X",1,0)+IF(X17="X",1,0)+IF(Y17="X",1,0)+IF(Z17="X",1,0)+IF(AA17="X",1,0)+IF(AB17="X",1,0)+IF(AC17="X",1,0)+IF(AD17="X",1,0)+IF(AE17="X",1,0)+IF(AF17="X",1,0)+IF(AG17="X",1,0)+IF(AH17="X",1,0)+IF(AI17="X",1,0)+IF(AJ17="X",1,0)+IF(AK17="X",1,0)+IF(AL17="X",1,0)+IF(AM17="X",1,0)+IF(AN17="X",1,0)+IF(AO17="X",1,0),"") | AX17: =IF(B17<>"",IF(OR(F17="X",F17=10),1,0)+IF(OR(G17="X",G17=10),1,0)+IF(OR(H17="X",H17=10),1,0)+IF(OR(I17="X",I17=10),1,0)+IF(OR(J17="X",J17=10),1,0)+IF(OR(K17="X",K17=10),1,0)+IF(OR(L17="X",L17=10),1,0)+IF(OR(M17="X",M17=10),1,0)+IF(OR(N17="X",N17=10),1,0)+IF(OR(O17="X",O17=10),1,0)+IF(OR(P17="X",P17=10),1,0)+IF(OR(Q17="X",Q17=10),1,0)+IF(OR(R17="X",R17=10),1,0)+IF(OR(S17="X",S17=10),1,0)+IF(OR(T17="X",T17=10),1,0)+IF(OR(U17="X",U17=10),1,0)+IF(OR(V17="X",V17=10),1,0)+IF(OR(W17="X",W17=10),1,0)+IF(OR(X17="X",X17=10),1,0)+IF(OR(Y17="X",Y17=10),1,0)+IF(OR(Z17="X",Z17=10),1,0)+IF(OR(AA17="X",AA17=10),1,0)+IF(OR(AB17="X",AB17=10),1,0)+IF(OR(AC17="X",AC17=10),1,0)+IF(OR(AD17="X",AD17=10),1,0)+IF(OR(AE17="X",AE17=10),1,0)+IF(OR(AF17="X",AF17=10),1,0)+IF(OR(AG17="X",AG17=10),1,0)+IF(OR(AH17="X",AH17=10),1,0)+IF(OR(AI17="X",AI17=10),1,0)+IF(OR(AJ17="X",AJ17=10),1,0)+IF(OR(AK17="X",AK17=10),1,0)+IF(OR(AL17="X",AL17=10),1,0)+IF(OR(AM17="X",AM17=10),1,0)+IF(OR(AN17="X",AN17=10),1,0)+IF(OR(AO17="X",AO17=10),1,0),"") | AY17: =IF(B17<>"",IF(F17=9,1,0)+IF(G17=9,1,0)+IF(H17=9,1,0)+IF(I17=9,1,0)+IF(J17=9,1,0)+IF(K17=9,1,0)+IF(L17=9,1,0)+IF(M17=9,1,0)+IF(N17=9,1,0)+IF(O17=9,1,0)+IF(P17=9,1,0)+IF(Q17=9,1,0)+IF(R17=9,1,0)+IF(S17=9,1,0)+IF(T17=9,1,0)+IF(U17=9,1,0)+IF(V17=9,1,0)+IF(W17=9,1,0)+IF(X17=9,1,0)+IF(Y17=9,1,0)+IF(Z17=9,1,0)+IF(AA17=9,1,0)+IF(AB17=9,1,0)+IF(AC17=9,1,0)+IF(AD17=9,1,0)+IF(AE17=9,1,0)+IF(AF17=9,1,0)+IF(AG17=9,1,0)+IF(AH17=9,1,0)+IF(AI17=9,1,0)+IF(AJ17=9,1,0)+IF(AK17=9,1,0)+IF(AL17=9,1,0)+IF(AM17=9,1,0)+IF(AN17=9,1,0)+IF(AO17=9,1,0),"") | AZ17: =IF(B17<>"",SUMPRODUCT(($AV$6:$AV$1000>AV17)*ISNUMBER($AV$6:$AV$1000))+1+SUMPRODUCT(($AV$6:$AV$1000=AV17)*($AW$6:$AW$1000>AW17)*ISNUMBER($AV$6:$AV$1000)*ISNUMBER($AW$6:$AW$1000))+SUMPRODUCT(($AV$6:$AV$1000=AV17)*($AW$6:$AW$1000=AW17)*($AX$6:$AX$1000>AX17)*ISNUMBER($AV$6:$AV$1000)*ISNUMBER($AX$6:$AX$1000))+SUMPRODUCT(($AV$6:$AV$1000=AV17)*($AW$6:$AW$1000=AW17)*($AX$6:$AX$1000=AX17)*($AY$6:$AY$1000>AY17)*ISNUMBER($AV$6:$AV$1000)*ISNUMBER($AY$6:$AY$1000)),"") | BB17: =IF(B17<>"",SUMPRODUCT(($AV$6:$AV$1000>AV17)*ISNUMBER($AV$6:$AV$1000))+1+SUMPRODUCT(($AV$6:$AV$1000=AV17)*($AW$6:$AW$1000>AW17)*ISNUMBER($AV$6:$AV$1000)*ISNUMBER($AW$6:$AW$1000))+SUMPRODUCT(($AV$6:$AV$1000=AV17)*($AW$6:$AW$1000=AW17)*($AX$6:$AX$1000>AX17)*ISNUMBER($AV$6:$AV$1000)*ISNUMBER($AX$6:$AX$1000))+SUMPRODUCT(($AV$6:$AV$1000=AV17)*($AW$6:$AW$1000=AW17)*($AX$6:$AX$1000=AX17)*($AY$6:$AY$1000>AY17)*ISNUMBER($AV$6:$AV$1000)*ISNUMBER($AY$6:$AY$1000))+SUMPRODUCT(($AV$6:$AV$1000=AV17)*($AW$6:$AW$1000=AW17)*($AX$6:$AX$1000=AX17)*($AY$6:$AY$1000=AY17)*($BA$6:$BA$1000>BA17)*ISNUMBER($AV$6:$AV$1000)*ISNUMBER($BA$6:$BA$1000)),"")
A18: =IF(B18<>"",COUNTA($B$6:B18),"") | E18: =IF(B18="","",IF(COUNTA($B$6:$B$69)<=(E5-D5+1),(D5+MOD(A18-1,(E5-D5+1))),(D5+MOD(A18-1,(E5-D5+1)))&CHAR(65+FLOOR((A18-1)/(E5-D5+1),1)))) | AP18: =IF(B18<>"",IF(F18="X",10,IF(F18="M",0,IF(ISNUMBER(F18),F18,0)))+IF(G18="X",10,IF(G18="M",0,IF(ISNUMBER(G18),G18,0)))+IF(H18="X",10,IF(H18="M",0,IF(ISNUMBER(H18),H18,0)))+IF(I18="X",10,IF(I18="M",0,IF(ISNUMBER(I18),I18,0)))+IF(J18="X",10,IF(J18="M",0,IF(ISNUMBER(J18),J18,0)))+IF(K18="X",10,IF(K18="M",0,IF(ISNUMBER(K18),K18,0))),"") | AQ18: =IF(B18<>"",IF(L18="X",10,IF(L18="M",0,IF(ISNUMBER(L18),L18,0)))+IF(M18="X",10,IF(M18="M",0,IF(ISNUMBER(M18),M18,0)))+IF(N18="X",10,IF(N18="M",0,IF(ISNUMBER(N18),N18,0)))+IF(O18="X",10,IF(O18="M",0,IF(ISNUMBER(O18),O18,0)))+IF(P18="X",10,IF(P18="M",0,IF(ISNUMBER(P18),P18,0)))+IF(Q18="X",10,IF(Q18="M",0,IF(ISNUMBER(Q18),Q18,0))),"") | AR18: =IF(B18<>"",IF(R18="X",10,IF(R18="M",0,IF(ISNUMBER(R18),R18,0)))+IF(S18="X",10,IF(S18="M",0,IF(ISNUMBER(S18),S18,0)))+IF(T18="X",10,IF(T18="M",0,IF(ISNUMBER(T18),T18,0)))+IF(U18="X",10,IF(U18="M",0,IF(ISNUMBER(U18),U18,0)))+IF(V18="X",10,IF(V18="M",0,IF(ISNUMBER(V18),V18,0)))+IF(W18="X",10,IF(W18="M",0,IF(ISNUMBER(W18),W18,0))),"") | AS18: =IF(B18<>"",IF(X18="X",10,IF(X18="M",0,IF(ISNUMBER(X18),X18,0)))+IF(Y18="X",10,IF(Y18="M",0,IF(ISNUMBER(Y18),Y18,0)))+IF(Z18="X",10,IF(Z18="M",0,IF(ISNUMBER(Z18),Z18,0)))+IF(AA18="X",10,IF(AA18="M",0,IF(ISNUMBER(AA18),AA18,0)))+IF(AB18="X",10,IF(AB18="M",0,IF(ISNUMBER(AB18),AB18,0)))+IF(AC18="X",10,IF(AC18="M",0,IF(ISNUMBER(AC18),AC18,0))),"") | AT18: =IF(B18<>"",IF(AD18="X",10,IF(AD18="M",0,IF(ISNUMBER(AD18),AD18,0)))+IF(AE18="X",10,IF(AE18="M",0,IF(ISNUMBER(AE18),AE18,0)))+IF(AF18="X",10,IF(AF18="M",0,IF(ISNUMBER(AF18),AF18,0)))+IF(AG18="X",10,IF(AG18="M",0,IF(ISNUMBER(AG18),AG18,0)))+IF(AH18="X",10,IF(AH18="M",0,IF(ISNUMBER(AH18),AH18,0)))+IF(AI18="X",10,IF(AI18="M",0,IF(ISNUMBER(AI18),AI18,0))),"") | AU18: =IF(B18<>"",IF(AJ18="X",10,IF(AJ18="M",0,IF(ISNUMBER(AJ18),AJ18,0)))+IF(AK18="X",10,IF(AK18="M",0,IF(ISNUMBER(AK18),AK18,0)))+IF(AL18="X",10,IF(AL18="M",0,IF(ISNUMBER(AL18),AL18,0)))+IF(AM18="X",10,IF(AM18="M",0,IF(ISNUMBER(AM18),AM18,0)))+IF(AN18="X",10,IF(AN18="M",0,IF(ISNUMBER(AN18),AN18,0)))+IF(AO18="X",10,IF(AO18="M",0,IF(ISNUMBER(AO18),AO18,0))),"") | AV18: =IF(B18<>"",AP18+AQ18+AR18+AS18+AT18+AU18,"") | AW18: =IF(B18<>"",IF(F18="X",1,0)+IF(G18="X",1,0)+IF(H18="X",1,0)+IF(I18="X",1,0)+IF(J18="X",1,0)+IF(K18="X",1,0)+IF(L18="X",1,0)+IF(M18="X",1,0)+IF(N18="X",1,0)+IF(O18="X",1,0)+IF(P18="X",1,0)+IF(Q18="X",1,0)+IF(R18="X",1,0)+IF(S18="X",1,0)+IF(T18="X",1,0)+IF(U18="X",1,0)+IF(V18="X",1,0)+IF(W18="X",1,0)+IF(X18="X",1,0)+IF(Y18="X",1,0)+IF(Z18="X",1,0)+IF(AA18="X",1,0)+IF(AB18="X",1,0)+IF(AC18="X",1,0)+IF(AD18="X",1,0)+IF(AE18="X",1,0)+IF(AF18="X",1,0)+IF(AG18="X",1,0)+IF(AH18="X",1,0)+IF(AI18="X",1,0)+IF(AJ18="X",1,0)+IF(AK18="X",1,0)+IF(AL18="X",1,0)+IF(AM18="X",1,0)+IF(AN18="X",1,0)+IF(AO18="X",1,0),"") | AX18: =IF(B18<>"",IF(OR(F18="X",F18=10),1,0)+IF(OR(G18="X",G18=10),1,0)+IF(OR(H18="X",H18=10),1,0)+IF(OR(I18="X",I18=10),1,0)+IF(OR(J18="X",J18=10),1,0)+IF(OR(K18="X",K18=10),1,0)+IF(OR(L18="X",L18=10),1,0)+IF(OR(M18="X",M18=10),1,0)+IF(OR(N18="X",N18=10),1,0)+IF(OR(O18="X",O18=10),1,0)+IF(OR(P18="X",P18=10),1,0)+IF(OR(Q18="X",Q18=10),1,0)+IF(OR(R18="X",R18=10),1,0)+IF(OR(S18="X",S18=10),1,0)+IF(OR(T18="X",T18=10),1,0)+IF(OR(U18="X",U18=10),1,0)+IF(OR(V18="X",V18=10),1,0)+IF(OR(W18="X",W18=10),1,0)+IF(OR(X18="X",X18=10),1,0)+IF(OR(Y18="X",Y18=10),1,0)+IF(OR(Z18="X",Z18=10),1,0)+IF(OR(AA18="X",AA18=10),1,0)+IF(OR(AB18="X",AB18=10),1,0)+IF(OR(AC18="X",AC18=10),1,0)+IF(OR(AD18="X",AD18=10),1,0)+IF(OR(AE18="X",AE18=10),1,0)+IF(OR(AF18="X",AF18=10),1,0)+IF(OR(AG18="X",AG18=10),1,0)+IF(OR(AH18="X",AH18=10),1,0)+IF(OR(AI18="X",AI18=10),1,0)+IF(OR(AJ18="X",AJ18=10),1,0)+IF(OR(AK18="X",AK18=10),1,0)+IF(OR(AL18="X",AL18=10),1,0)+IF(OR(AM18="X",AM18=10),1,0)+IF(OR(AN18="X",AN18=10),1,0)+IF(OR(AO18="X",AO18=10),1,0),"") | AY18: =IF(B18<>"",IF(F18=9,1,0)+IF(G18=9,1,0)+IF(H18=9,1,0)+IF(I18=9,1,0)+IF(J18=9,1,0)+IF(K18=9,1,0)+IF(L18=9,1,0)+IF(M18=9,1,0)+IF(N18=9,1,0)+IF(O18=9,1,0)+IF(P18=9,1,0)+IF(Q18=9,1,0)+IF(R18=9,1,0)+IF(S18=9,1,0)+IF(T18=9,1,0)+IF(U18=9,1,0)+IF(V18=9,1,0)+IF(W18=9,1,0)+IF(X18=9,1,0)+IF(Y18=9,1,0)+IF(Z18=9,1,0)+IF(AA18=9,1,0)+IF(AB18=9,1,0)+IF(AC18=9,1,0)+IF(AD18=9,1,0)+IF(AE18=9,1,0)+IF(AF18=9,1,0)+IF(AG18=9,1,0)+IF(AH18=9,1,0)+IF(AI18=9,1,0)+IF(AJ18=9,1,0)+IF(AK18=9,1,0)+IF(AL18=9,1,0)+IF(AM18=9,1,0)+IF(AN18=9,1,0)+IF(AO18=9,1,0),"") | AZ18: =IF(B18<>"",SUMPRODUCT(($AV$6:$AV$1000>AV18)*ISNUMBER($AV$6:$AV$1000))+1+SUMPRODUCT(($AV$6:$AV$1000=AV18)*($AW$6:$AW$1000>AW18)*ISNUMBER($AV$6:$AV$1000)*ISNUMBER($AW$6:$AW$1000))+SUMPRODUCT(($AV$6:$AV$1000=AV18)*($AW$6:$AW$1000=AW18)*($AX$6:$AX$1000>AX18)*ISNUMBER($AV$6:$AV$1000)*ISNUMBER($AX$6:$AX$1000))+SUMPRODUCT(($AV$6:$AV$1000=AV18)*($AW$6:$AW$1000=AW18)*($AX$6:$AX$1000=AX18)*($AY$6:$AY$1000>AY18)*ISNUMBER($AV$6:$AV$1000)*ISNUMBER($AY$6:$AY$1000)),"") | BB18: =IF(B18<>"",SUMPRODUCT(($AV$6:$AV$1000>AV18)*ISNUMBER($AV$6:$AV$1000))+1+SUMPRODUCT(($AV$6:$AV$1000=AV18)*($AW$6:$AW$1000>AW18)*ISNUMBER($AV$6:$AV$1000)*ISNUMBER($AW$6:$AW$1000))+SUMPRODUCT(($AV$6:$AV$1000=AV18)*($AW$6:$AW$1000=AW18)*($AX$6:$AX$1000>AX18)*ISNUMBER($AV$6:$AV$1000)*ISNUMBER($AX$6:$AX$1000))+SUMPRODUCT(($AV$6:$AV$1000=AV18)*($AW$6:$AW$1000=AW18)*($AX$6:$AX$1000=AX18)*($AY$6:$AY$1000>AY18)*ISNUMBER($AV$6:$AV$1000)*ISNUMBER($AY$6:$AY$1000))+SUMPRODUCT(($AV$6:$AV$1000=AV18)*($AW$6:$AW$1000=AW18)*($AX$6:$AX$1000=AX18)*($AY$6:$AY$1000=AY18)*($BA$6:$BA$1000>BA18)*ISNUMBER($AV$6:$AV$1000)*ISNUMBER($BA$6:$BA$1000)),"")
A19: =IF(B19<>"",COUNTA($B$6:B19),"") | E19: =IF(B19="","",IF(COUNTA($B$6:$B$69)<=(E5-D5+1),(D5+MOD(A19-1,(E5-D5+1))),(D5+MOD(A19-1,(E5-D5+1)))&CHAR(65+FLOOR((A19-1)/(E5-D5+1),1)))) | AP19: =IF(B19<>"",IF(F19="X",10,IF(F19="M",0,IF(ISNUMBER(F19),F19,0)))+IF(G19="X",10,IF(G19="M",0,IF(ISNUMBER(G19),G19,0)))+IF(H19="X",10,IF(H19="M",0,IF(ISNUMBER(H19),H19,0)))+IF(I19="X",10,IF(I19="M",0,IF(ISNUMBER(I19),I19,0)))+IF(J19="X",10,IF(J19="M",0,IF(ISNUMBER(J19),J19,0)))+IF(K19="X",10,IF(K19="M",0,IF(ISNUMBER(K19),K19,0))),"") | AQ19: =IF(B19<>"",IF(L19="X",10,IF(L19="M",0,IF(ISNUMBER(L19),L19,0)))+IF(M19="X",10,IF(M19="M",0,IF(ISNUMBER(M19),M19,0)))+IF(N19="X",10,IF(N19="M",0,IF(ISNUMBER(N19),N19,0)))+IF(O19="X",10,IF(O19="M",0,IF(ISNUMBER(O19),O19,0)))+IF(P19="X",10,IF(P19="M",0,IF(ISNUMBER(P19),P19,0)))+IF(Q19="X",10,IF(Q19="M",0,IF(ISNUMBER(Q19),Q19,0))),"") | AR19: =IF(B19<>"",IF(R19="X",10,IF(R19="M",0,IF(ISNUMBER(R19),R19,0)))+IF(S19="X",10,IF(S19="M",0,IF(ISNUMBER(S19),S19,0)))+IF(T19="X",10,IF(T19="M",0,IF(ISNUMBER(T19),T19,0)))+IF(U19="X",10,IF(U19="M",0,IF(ISNUMBER(U19),U19,0)))+IF(V19="X",10,IF(V19="M",0,IF(ISNUMBER(V19),V19,0)))+IF(W19="X",10,IF(W19="M",0,IF(ISNUMBER(W19),W19,0))),"") | AS19: =IF(B19<>"",IF(X19="X",10,IF(X19="M",0,IF(ISNUMBER(X19),X19,0)))+IF(Y19="X",10,IF(Y19="M",0,IF(ISNUMBER(Y19),Y19,0)))+IF(Z19="X",10,IF(Z19="M",0,IF(ISNUMBER(Z19),Z19,0)))+IF(AA19="X",10,IF(AA19="M",0,IF(ISNUMBER(AA19),AA19,0)))+IF(AB19="X",10,IF(AB19="M",0,IF(ISNUMBER(AB19),AB19,0)))+IF(AC19="X",10,IF(AC19="M",0,IF(ISNUMBER(AC19),AC19,0))),"") | AT19: =IF(B19<>"",IF(AD19="X",10,IF(AD19="M",0,IF(ISNUMBER(AD19),AD19,0)))+IF(AE19="X",10,IF(AE19="M",0,IF(ISNUMBER(AE19),AE19,0)))+IF(AF19="X",10,IF(AF19="M",0,IF(ISNUMBER(AF19),AF19,0)))+IF(AG19="X",10,IF(AG19="M",0,IF(ISNUMBER(AG19),AG19,0)))+IF(AH19="X",10,IF(AH19="M",0,IF(ISNUMBER(AH19),AH19,0)))+IF(AI19="X",10,IF(AI19="M",0,IF(ISNUMBER(AI19),AI19,0))),"") | AU19: =IF(B19<>"",IF(AJ19="X",10,IF(AJ19="M",0,IF(ISNUMBER(AJ19),AJ19,0)))+IF(AK19="X",10,IF(AK19="M",0,IF(ISNUMBER(AK19),AK19,0)))+IF(AL19="X",10,IF(AL19="M",0,IF(ISNUMBER(AL19),AL19,0)))+IF(AM19="X",10,IF(AM19="M",0,IF(ISNUMBER(AM19),AM19,0)))+IF(AN19="X",10,IF(AN19="M",0,IF(ISNUMBER(AN19),AN19,0)))+IF(AO19="X",10,IF(AO19="M",0,IF(ISNUMBER(AO19),AO19,0))),"") | AV19: =IF(B19<>"",AP19+AQ19+AR19+AS19+AT19+AU19,"") | AW19: =IF(B19<>"",IF(F19="X",1,0)+IF(G19="X",1,0)+IF(H19="X",1,0)+IF(I19="X",1,0)+IF(J19="X",1,0)+IF(K19="X",1,0)+IF(L19="X",1,0)+IF(M19="X",1,0)+IF(N19="X",1,0)+IF(O19="X",1,0)+IF(P19="X",1,0)+IF(Q19="X",1,0)+IF(R19="X",1,0)+IF(S19="X",1,0)+IF(T19="X",1,0)+IF(U19="X",1,0)+IF(V19="X",1,0)+IF(W19="X",1,0)+IF(X19="X",1,0)+IF(Y19="X",1,0)+IF(Z19="X",1,0)+IF(AA19="X",1,0)+IF(AB19="X",1,0)+IF(AC19="X",1,0)+IF(AD19="X",1,0)+IF(AE19="X",1,0)+IF(AF19="X",1,0)+IF(AG19="X",1,0)+IF(AH19="X",1,0)+IF(AI19="X",1,0)+IF(AJ19="X",1,0)+IF(AK19="X",1,0)+IF(AL19="X",1,0)+IF(AM19="X",1,0)+IF(AN19="X",1,0)+IF(AO19="X",1,0),"") | AX19: =IF(B19<>"",IF(OR(F19="X",F19=10),1,0)+IF(OR(G19="X",G19=10),1,0)+IF(OR(H19="X",H19=10),1,0)+IF(OR(I19="X",I19=10),1,0)+IF(OR(J19="X",J19=10),1,0)+IF(OR(K19="X",K19=10),1,0)+IF(OR(L19="X",L19=10),1,0)+IF(OR(M19="X",M19=10),1,0)+IF(OR(N19="X",N19=10),1,0)+IF(OR(O19="X",O19=10),1,0)+IF(OR(P19="X",P19=10),1,0)+IF(OR(Q19="X",Q19=10),1,0)+IF(OR(R19="X",R19=10),1,0)+IF(OR(S19="X",S19=10),1,0)+IF(OR(T19="X",T19=10),1,0)+IF(OR(U19="X",U19=10),1,0)+IF(OR(V19="X",V19=10),1,0)+IF(OR(W19="X",W19=10),1,0)+IF(OR(X19="X",X19=10),1,0)+IF(OR(Y19="X",Y19=10),1,0)+IF(OR(Z19="X",Z19=10),1,0)+IF(OR(AA19="X",AA19=10),1,0)+IF(OR(AB19="X",AB19=10),1,0)+IF(OR(AC19="X",AC19=10),1,0)+IF(OR(AD19="X",AD19=10),1,0)+IF(OR(AE19="X",AE19=10),1,0)+IF(OR(AF19="X",AF19=10),1,0)+IF(OR(AG19="X",AG19=10),1,0)+IF(OR(AH19="X",AH19=10),1,0)+IF(OR(AI19="X",AI19=10),1,0)+IF(OR(AJ19="X",AJ19=10),1,0)+IF(OR(AK19="X",AK19=10),1,0)+IF(OR(AL19="X",AL19=10),1,0)+IF(OR(AM19="X",AM19=10),1,0)+IF(OR(AN19="X",AN19=10),1,0)+IF(OR(AO19="X",AO19=10),1,0),"") | AY19: =IF(B19<>"",IF(F19=9,1,0)+IF(G19=9,1,0)+IF(H19=9,1,0)+IF(I19=9,1,0)+IF(J19=9,1,0)+IF(K19=9,1,0)+IF(L19=9,1,0)+IF(M19=9,1,0)+IF(N19=9,1,0)+IF(O19=9,1,0)+IF(P19=9,1,0)+IF(Q19=9,1,0)+IF(R19=9,1,0)+IF(S19=9,1,0)+IF(T19=9,1,0)+IF(U19=9,1,0)+IF(V19=9,1,0)+IF(W19=9,1,0)+IF(X19=9,1,0)+IF(Y19=9,1,0)+IF(Z19=9,1,0)+IF(AA19=9,1,0)+IF(AB19=9,1,0)+IF(AC19=9,1,0)+IF(AD19=9,1,0)+IF(AE19=9,1,0)+IF(AF19=9,1,0)+IF(AG19=9,1,0)+IF(AH19=9,1,0)+IF(AI19=9,1,0)+IF(AJ19=9,1,0)+IF(AK19=9,1,0)+IF(AL19=9,1,0)+IF(AM19=9,1,0)+IF(AN19=9,1,0)+IF(AO19=9,1,0),"") | AZ19: =IF(B19<>"",SUMPRODUCT(($AV$6:$AV$1000>AV19)*ISNUMBER($AV$6:$AV$1000))+1+SUMPRODUCT(($AV$6:$AV$1000=AV19)*($AW$6:$AW$1000>AW19)*ISNUMBER($AV$6:$AV$1000)*ISNUMBER($AW$6:$AW$1000))+SUMPRODUCT(($AV$6:$AV$1000=AV19)*($AW$6:$AW$1000=AW19)*($AX$6:$AX$1000>AX19)*ISNUMBER($AV$6:$AV$1000)*ISNUMBER($AX$6:$AX$1000))+SUMPRODUCT(($AV$6:$AV$1000=AV19)*($AW$6:$AW$1000=AW19)*($AX$6:$AX$1000=AX19)*($AY$6:$AY$1000>AY19)*ISNUMBER($AV$6:$AV$1000)*ISNUMBER($AY$6:$AY$1000)),"") | BB19: =IF(B19<>"",SUMPRODUCT(($AV$6:$AV$1000>AV19)*ISNUMBER($AV$6:$AV$1000))+1+SUMPRODUCT(($AV$6:$AV$1000=AV19)*($AW$6:$AW$1000>AW19)*ISNUMBER($AV$6:$AV$1000)*ISNUMBER($AW$6:$AW$1000))+SUMPRODUCT(($AV$6:$AV$1000=AV19)*($AW$6:$AW$1000=AW19)*($AX$6:$AX$1000>AX19)*ISNUMBER($AV$6:$AV$1000)*ISNUMBER($AX$6:$AX$1000))+SUMPRODUCT(($AV$6:$AV$1000=AV19)*($AW$6:$AW$1000=AW19)*($AX$6:$AX$1000=AX19)*($AY$6:$AY$1000>AY19)*ISNUMBER($AV$6:$AV$1000)*ISNUMBER($AY$6:$AY$1000))+SUMPRODUCT(($AV$6:$AV$1000=AV19)*($AW$6:$AW$1000=AW19)*($AX$6:$AX$1000=AX19)*($AY$6:$AY$1000=AY19)*($BA$6:$BA$1000>BA19)*ISNUMBER($AV$6:$AV$1000)*ISNUMBER($BA$6:$BA$1000)),"")
A20: =IF(B20<>"",COUNTA($B$6:B20),"") | E20: =IF(B20="","",IF(COUNTA($B$6:$B$69)<=(E5-D5+1),(D5+MOD(A20-1,(E5-D5+1))),(D5+MOD(A20-1,(E5-D5+1)))&CHAR(65+FLOOR((A20-1)/(E5-D5+1),1)))) | AP20: =IF(B20<>"",IF(F20="X",10,IF(F20="M",0,IF(ISNUMBER(F20),F20,0)))+IF(G20="X",10,IF(G20="M",0,IF(ISNUMBER(G20),G20,0)))+IF(H20="X",10,IF(H20="M",0,IF(ISNUMBER(H20),H20,0)))+IF(I20="X",10,IF(I20="M",0,IF(ISNUMBER(I20),I20,0)))+IF(J20="X",10,IF(J20="M",0,IF(ISNUMBER(J20),J20,0)))+IF(K20="X",10,IF(K20="M",0,IF(ISNUMBER(K20),K20,0))),"") | AQ20: =IF(B20<>"",IF(L20="X",10,IF(L20="M",0,IF(ISNUMBER(L20),L20,0)))+IF(M20="X",10,IF(M20="M",0,IF(ISNUMBER(M20),M20,0)))+IF(N20="X",10,IF(N20="M",0,IF(ISNUMBER(N20),N20,0)))+IF(O20="X",10,IF(O20="M",0,IF(ISNUMBER(O20),O20,0)))+IF(P20="X",10,IF(P20="M",0,IF(ISNUMBER(P20),P20,0)))+IF(Q20="X",10,IF(Q20="M",0,IF(ISNUMBER(Q20),Q20,0))),"") | AR20: =IF(B20<>"",IF(R20="X",10,IF(R20="M",0,IF(ISNUMBER(R20),R20,0)))+IF(S20="X",10,IF(S20="M",0,IF(ISNUMBER(S20),S20,0)))+IF(T20="X",10,IF(T20="M",0,IF(ISNUMBER(T20),T20,0)))+IF(U20="X",10,IF(U20="M",0,IF(ISNUMBER(U20),U20,0)))+IF(V20="X",10,IF(V20="M",0,IF(ISNUMBER(V20),V20,0)))+IF(W20="X",10,IF(W20="M",0,IF(ISNUMBER(W20),W20,0))),"") | AS20: =IF(B20<>"",IF(X20="X",10,IF(X20="M",0,IF(ISNUMBER(X20),X20,0)))+IF(Y20="X",10,IF(Y20="M",0,IF(ISNUMBER(Y20),Y20,0)))+IF(Z20="X",10,IF(Z20="M",0,IF(ISNUMBER(Z20),Z20,0)))+IF(AA20="X",10,IF(AA20="M",0,IF(ISNUMBER(AA20),AA20,0)))+IF(AB20="X",10,IF(AB20="M",0,IF(ISNUMBER(AB20),AB20,0)))+IF(AC20="X",10,IF(AC20="M",0,IF(ISNUMBER(AC20),AC20,0))),"") | AT20: =IF(B20<>"",IF(AD20="X",10,IF(AD20="M",0,IF(ISNUMBER(AD20),AD20,0)))+IF(AE20="X",10,IF(AE20="M",0,IF(ISNUMBER(AE20),AE20,0)))+IF(AF20="X",10,IF(AF20="M",0,IF(ISNUMBER(AF20),AF20,0)))+IF(AG20="X",10,IF(AG20="M",0,IF(ISNUMBER(AG20),AG20,0)))+IF(AH20="X",10,IF(AH20="M",0,IF(ISNUMBER(AH20),AH20,0)))+IF(AI20="X",10,IF(AI20="M",0,IF(ISNUMBER(AI20),AI20,0))),"") | AU20: =IF(B20<>"",IF(AJ20="X",10,IF(AJ20="M",0,IF(ISNUMBER(AJ20),AJ20,0)))+IF(AK20="X",10,IF(AK20="M",0,IF(ISNUMBER(AK20),AK20,0)))+IF(AL20="X",10,IF(AL20="M",0,IF(ISNUMBER(AL20),AL20,0)))+IF(AM20="X",10,IF(AM20="M",0,IF(ISNUMBER(AM20),AM20,0)))+IF(AN20="X",10,IF(AN20="M",0,IF(ISNUMBER(AN20),AN20,0)))+IF(AO20="X",10,IF(AO20="M",0,IF(ISNUMBER(AO20),AO20,0))),"") | AV20: =IF(B20<>"",AP20+AQ20+AR20+AS20+AT20+AU20,"") | AW20: =IF(B20<>"",IF(F20="X",1,0)+IF(G20="X",1,0)+IF(H20="X",1,0)+IF(I20="X",1,0)+IF(J20="X",1,0)+IF(K20="X",1,0)+IF(L20="X",1,0)+IF(M20="X",1,0)+IF(N20="X",1,0)+IF(O20="X",1,0)+IF(P20="X",1,0)+IF(Q20="X",1,0)+IF(R20="X",1,0)+IF(S20="X",1,0)+IF(T20="X",1,0)+IF(U20="X",1,0)+IF(V20="X",1,0)+IF(W20="X",1,0)+IF(X20="X",1,0)+IF(Y20="X",1,0)+IF(Z20="X",1,0)+IF(AA20="X",1,0)+IF(AB20="X",1,0)+IF(AC20="X",1,0)+IF(AD20="X",1,0)+IF(AE20="X",1,0)+IF(AF20="X",1,0)+IF(AG20="X",1,0)+IF(AH20="X",1,0)+IF(AI20="X",1,0)+IF(AJ20="X",1,0)+IF(AK20="X",1,0)+IF(AL20="X",1,0)+IF(AM20="X",1,0)+IF(AN20="X",1,0)+IF(AO20="X",1,0),"") | AX20: =IF(B20<>"",IF(OR(F20="X",F20=10),1,0)+IF(OR(G20="X",G20=10),1,0)+IF(OR(H20="X",H20=10),1,0)+IF(OR(I20="X",I20=10),1,0)+IF(OR(J20="X",J20=10),1,0)+IF(OR(K20="X",K20=10),1,0)+IF(OR(L20="X",L20=10),1,0)+IF(OR(M20="X",M20=10),1,0)+IF(OR(N20="X",N20=10),1,0)+IF(OR(O20="X",O20=10),1,0)+IF(OR(P20="X",P20=10),1,0)+IF(OR(Q20="X",Q20=10),1,0)+IF(OR(R20="X",R20=10),1,0)+IF(OR(S20="X",S20=10),1,0)+IF(OR(T20="X",T20=10),1,0)+IF(OR(U20="X",U20=10),1,0)+IF(OR(V20="X",V20=10),1,0)+IF(OR(W20="X",W20=10),1,0)+IF(OR(X20="X",X20=10),1,0)+IF(OR(Y20="X",Y20=10),1,0)+IF(OR(Z20="X",Z20=10),1,0)+IF(OR(AA20="X",AA20=10),1,0)+IF(OR(AB20="X",AB20=10),1,0)+IF(OR(AC20="X",AC20=10),1,0)+IF(OR(AD20="X",AD20=10),1,0)+IF(OR(AE20="X",AE20=10),1,0)+IF(OR(AF20="X",AF20=10),1,0)+IF(OR(AG20="X",AG20=10),1,0)+IF(OR(AH20="X",AH20=10),1,0)+IF(OR(AI20="X",AI20=10),1,0)+IF(OR(AJ20="X",AJ20=10),1,0)+IF(OR(AK20="X",AK20=10),1,0)+IF(OR(AL20="X",AL20=10),1,0)+IF(OR(AM20="X",AM20=10),1,0)+IF(OR(AN20="X",AN20=10),1,0)+IF(OR(AO20="X",AO20=10),1,0),"") | AY20: =IF(B20<>"",IF(F20=9,1,0)+IF(G20=9,1,0)+IF(H20=9,1,0)+IF(I20=9,1,0)+IF(J20=9,1,0)+IF(K20=9,1,0)+IF(L20=9,1,0)+IF(M20=9,1,0)+IF(N20=9,1,0)+IF(O20=9,1,0)+IF(P20=9,1,0)+IF(Q20=9,1,0)+IF(R20=9,1,0)+IF(S20=9,1,0)+IF(T20=9,1,0)+IF(U20=9,1,0)+IF(V20=9,1,0)+IF(W20=9,1,0)+IF(X20=9,1,0)+IF(Y20=9,1,0)+IF(Z20=9,1,0)+IF(AA20=9,1,0)+IF(AB20=9,1,0)+IF(AC20=9,1,0)+IF(AD20=9,1,0)+IF(AE20=9,1,0)+IF(AF20=9,1,0)+IF(AG20=9,1,0)+IF(AH20=9,1,0)+IF(AI20=9,1,0)+IF(AJ20=9,1,0)+IF(AK20=9,1,0)+IF(AL20=9,1,0)+IF(AM20=9,1,0)+IF(AN20=9,1,0)+IF(AO20=9,1,0),"") | AZ20: =IF(B20<>"",SUMPRODUCT(($AV$6:$AV$1000>AV20)*ISNUMBER($AV$6:$AV$1000))+1+SUMPRODUCT(($AV$6:$AV$1000=AV20)*($AW$6:$AW$1000>AW20)*ISNUMBER($AV$6:$AV$1000)*ISNUMBER($AW$6:$AW$1000))+SUMPRODUCT(($AV$6:$AV$1000=AV20)*($AW$6:$AW$1000=AW20)*($AX$6:$AX$1000>AX20)*ISNUMBER($AV$6:$AV$1000)*ISNUMBER($AX$6:$AX$1000))+SUMPRODUCT(($AV$6:$AV$1000=AV20)*($AW$6:$AW$1000=AW20)*($AX$6:$AX$1000=AX20)*($AY$6:$AY$1000>AY20)*ISNUMBER($AV$6:$AV$1000)*ISNUMBER($AY$6:$AY$1000)),"") | BB20: =IF(B20<>"",SUMPRODUCT(($AV$6:$AV$1000>AV20)*ISNUMBER($AV$6:$AV$1000))+1+SUMPRODUCT(($AV$6:$AV$1000=AV20)*($AW$6:$AW$1000>AW20)*ISNUMBER($AV$6:$AV$1000)*ISNUMBER($AW$6:$AW$1000))+SUMPRODUCT(($AV$6:$AV$1000=AV20)*($AW$6:$AW$1000=AW20)*($AX$6:$AX$1000>AX20)*ISNUMBER($AV$6:$AV$1000)*ISNUMBER($AX$6:$AX$1000))+SUMPRODUCT(($AV$6:$AV$1000=AV20)*($AW$6:$AW$1000=AW20)*($AX$6:$AX$1000=AX20)*($AY$6:$AY$1000>AY20)*ISNUMBER($AV$6:$AV$1000)*ISNUMBER($AY$6:$AY$1000))+SUMPRODUCT(($AV$6:$AV$1000=AV20)*($AW$6:$AW$1000=AW20)*($AX$6:$AX$1000=AX20)*($AY$6:$AY$1000=AY20)*($BA$6:$BA$1000>BA20)*ISNUMBER($AV$6:$AV$1000)*ISNUMBER($BA$6:$BA$1000)),"")
A21: =IF(B21<>"",COUNTA($B$6:B21),"") | E21: =IF(B21="","",IF(COUNTA($B$6:$B$69)<=(E5-D5+1),(D5+MOD(A21-1,(E5-D5+1))),(D5+MOD(A21-1,(E5-D5+1)))&CHAR(65+FLOOR((A21-1)/(E5-D5+1),1)))) | AP21: =IF(B21<>"",IF(F21="X",10,IF(F21="M",0,IF(ISNUMBER(F21),F21,0)))+IF(G21="X",10,IF(G21="M",0,IF(ISNUMBER(G21),G21,0)))+IF(H21="X",10,IF(H21="M",0,IF(ISNUMBER(H21),H21,0)))+IF(I21="X",10,IF(I21="M",0,IF(ISNUMBER(I21),I21,0)))+IF(J21="X",10,IF(J21="M",0,IF(ISNUMBER(J21),J21,0)))+IF(K21="X",10,IF(K21="M",0,IF(ISNUMBER(K21),K21,0))),"") | AQ21: =IF(B21<>"",IF(L21="X",10,IF(L21="M",0,IF(ISNUMBER(L21),L21,0)))+IF(M21="X",10,IF(M21="M",0,IF(ISNUMBER(M21),M21,0)))+IF(N21="X",10,IF(N21="M",0,IF(ISNUMBER(N21),N21,0)))+IF(O21="X",10,IF(O21="M",0,IF(ISNUMBER(O21),O21,0)))+IF(P21="X",10,IF(P21="M",0,IF(ISNUMBER(P21),P21,0)))+IF(Q21="X",10,IF(Q21="M",0,IF(ISNUMBER(Q21),Q21,0))),"") | AR21: =IF(B21<>"",IF(R21="X",10,IF(R21="M",0,IF(ISNUMBER(R21),R21,0)))+IF(S21="X",10,IF(S21="M",0,IF(ISNUMBER(S21),S21,0)))+IF(T21="X",10,IF(T21="M",0,IF(ISNUMBER(T21),T21,0)))+IF(U21="X",10,IF(U21="M",0,IF(ISNUMBER(U21),U21,0)))+IF(V21="X",10,IF(V21="M",0,IF(ISNUMBER(V21),V21,0)))+IF(W21="X",10,IF(W21="M",0,IF(ISNUMBER(W21),W21,0))),"") | AS21: =IF(B21<>"",IF(X21="X",10,IF(X21="M",0,IF(ISNUMBER(X21),X21,0)))+IF(Y21="X",10,IF(Y21="M",0,IF(ISNUMBER(Y21),Y21,0)))+IF(Z21="X",10,IF(Z21="M",0,IF(ISNUMBER(Z21),Z21,0)))+IF(AA21="X",10,IF(AA21="M",0,IF(ISNUMBER(AA21),AA21,0)))+IF(AB21="X",10,IF(AB21="M",0,IF(ISNUMBER(AB21),AB21,0)))+IF(AC21="X",10,IF(AC21="M",0,IF(ISNUMBER(AC21),AC21,0))),"") | AT21: =IF(B21<>"",IF(AD21="X",10,IF(AD21="M",0,IF(ISNUMBER(AD21),AD21,0)))+IF(AE21="X",10,IF(AE21="M",0,IF(ISNUMBER(AE21),AE21,0)))+IF(AF21="X",10,IF(AF21="M",0,IF(ISNUMBER(AF21),AF21,0)))+IF(AG21="X",10,IF(AG21="M",0,IF(ISNUMBER(AG21),AG21,0)))+IF(AH21="X",10,IF(AH21="M",0,IF(ISNUMBER(AH21),AH21,0)))+IF(AI21="X",10,IF(AI21="M",0,IF(ISNUMBER(AI21),AI21,0))),"") | AU21: =IF(B21<>"",IF(AJ21="X",10,IF(AJ21="M",0,IF(ISNUMBER(AJ21),AJ21,0)))+IF(AK21="X",10,IF(AK21="M",0,IF(ISNUMBER(AK21),AK21,0)))+IF(AL21="X",10,IF(AL21="M",0,IF(ISNUMBER(AL21),AL21,0)))+IF(AM21="X",10,IF(AM21="M",0,IF(ISNUMBER(AM21),AM21,0)))+IF(AN21="X",10,IF(AN21="M",0,IF(ISNUMBER(AN21),AN21,0)))+IF(AO21="X",10,IF(AO21="M",0,IF(ISNUMBER(AO21),AO21,0))),"") | AV21: =IF(B21<>"",AP21+AQ21+AR21+AS21+AT21+AU21,"") | AW21: =IF(B21<>"",IF(F21="X",1,0)+IF(G21="X",1,0)+IF(H21="X",1,0)+IF(I21="X",1,0)+IF(J21="X",1,0)+IF(K21="X",1,0)+IF(L21="X",1,0)+IF(M21="X",1,0)+IF(N21="X",1,0)+IF(O21="X",1,0)+IF(P21="X",1,0)+IF(Q21="X",1,0)+IF(R21="X",1,0)+IF(S21="X",1,0)+IF(T21="X",1,0)+IF(U21="X",1,0)+IF(V21="X",1,0)+IF(W21="X",1,0)+IF(X21="X",1,0)+IF(Y21="X",1,0)+IF(Z21="X",1,0)+IF(AA21="X",1,0)+IF(AB21="X",1,0)+IF(AC21="X",1,0)+IF(AD21="X",1,0)+IF(AE21="X",1,0)+IF(AF21="X",1,0)+IF(AG21="X",1,0)+IF(AH21="X",1,0)+IF(AI21="X",1,0)+IF(AJ21="X",1,0)+IF(AK21="X",1,0)+IF(AL21="X",1,0)+IF(AM21="X",1,0)+IF(AN21="X",1,0)+IF(AO21="X",1,0),"") | AX21: =IF(B21<>"",IF(OR(F21="X",F21=10),1,0)+IF(OR(G21="X",G21=10),1,0)+IF(OR(H21="X",H21=10),1,0)+IF(OR(I21="X",I21=10),1,0)+IF(OR(J21="X",J21=10),1,0)+IF(OR(K21="X",K21=10),1,0)+IF(OR(L21="X",L21=10),1,0)+IF(OR(M21="X",M21=10),1,0)+IF(OR(N21="X",N21=10),1,0)+IF(OR(O21="X",O21=10),1,0)+IF(OR(P21="X",P21=10),1,0)+IF(OR(Q21="X",Q21=10),1,0)+IF(OR(R21="X",R21=10),1,0)+IF(OR(S21="X",S21=10),1,0)+IF(OR(T21="X",T21=10),1,0)+IF(OR(U21="X",U21=10),1,0)+IF(OR(V21="X",V21=10),1,0)+IF(OR(W21="X",W21=10),1,0)+IF(OR(X21="X",X21=10),1,0)+IF(OR(Y21="X",Y21=10),1,0)+IF(OR(Z21="X",Z21=10),1,0)+IF(OR(AA21="X",AA21=10),1,0)+IF(OR(AB21="X",AB21=10),1,0)+IF(OR(AC21="X",AC21=10),1,0)+IF(OR(AD21="X",AD21=10),1,0)+IF(OR(AE21="X",AE21=10),1,0)+IF(OR(AF21="X",AF21=10),1,0)+IF(OR(AG21="X",AG21=10),1,0)+IF(OR(AH21="X",AH21=10),1,0)+IF(OR(AI21="X",AI21=10),1,0)+IF(OR(AJ21="X",AJ21=10),1,0)+IF(OR(AK21="X",AK21=10),1,0)+IF(OR(AL21="X",AL21=10),1,0)+IF(OR(AM21="X",AM21=10),1,0)+IF(OR(AN21="X",AN21=10),1,0)+IF(OR(AO21="X",AO21=10),1,0),"") | AY21: =IF(B21<>"",IF(F21=9,1,0)+IF(G21=9,1,0)+IF(H21=9,1,0)+IF(I21=9,1,0)+IF(J21=9,1,0)+IF(K21=9,1,0)+IF(L21=9,1,0)+IF(M21=9,1,0)+IF(N21=9,1,0)+IF(O21=9,1,0)+IF(P21=9,1,0)+IF(Q21=9,1,0)+IF(R21=9,1,0)+IF(S21=9,1,0)+IF(T21=9,1,0)+IF(U21=9,1,0)+IF(V21=9,1,0)+IF(W21=9,1,0)+IF(X21=9,1,0)+IF(Y21=9,1,0)+IF(Z21=9,1,0)+IF(AA21=9,1,0)+IF(AB21=9,1,0)+IF(AC21=9,1,0)+IF(AD21=9,1,0)+IF(AE21=9,1,0)+IF(AF21=9,1,0)+IF(AG21=9,1,0)+IF(AH21=9,1,0)+IF(AI21=9,1,0)+IF(AJ21=9,1,0)+IF(AK21=9,1,0)+IF(AL21=9,1,0)+IF(AM21=9,1,0)+IF(AN21=9,1,0)+IF(AO21=9,1,0),"") | AZ21: =IF(B21<>"",SUMPRODUCT(($AV$6:$AV$1000>AV21)*ISNUMBER($AV$6:$AV$1000))+1+SUMPRODUCT(($AV$6:$AV$1000=AV21)*($AW$6:$AW$1000>AW21)*ISNUMBER($AV$6:$AV$1000)*ISNUMBER($AW$6:$AW$1000))+SUMPRODUCT(($AV$6:$AV$1000=AV21)*($AW$6:$AW$1000=AW21)*($AX$6:$AX$1000>AX21)*ISNUMBER($AV$6:$AV$1000)*ISNUMBER($AX$6:$AX$1000))+SUMPRODUCT(($AV$6:$AV$1000=AV21)*($AW$6:$AW$1000=AW21)*($AX$6:$AX$1000=AX21)*($AY$6:$AY$1000>AY21)*ISNUMBER($AV$6:$AV$1000)*ISNUMBER($AY$6:$AY$1000)),"") | BB21: =IF(B21<>"",SUMPRODUCT(($AV$6:$AV$1000>AV21)*ISNUMBER($AV$6:$AV$1000))+1+SUMPRODUCT(($AV$6:$AV$1000=AV21)*($AW$6:$AW$1000>AW21)*ISNUMBER($AV$6:$AV$1000)*ISNUMBER($AW$6:$AW$1000))+SUMPRODUCT(($AV$6:$AV$1000=AV21)*($AW$6:$AW$1000=AW21)*($AX$6:$AX$1000>AX21)*ISNUMBER($AV$6:$AV$1000)*ISNUMBER($AX$6:$AX$1000))+SUMPRODUCT(($AV$6:$AV$1000=AV21)*($AW$6:$AW$1000=AW21)*($AX$6:$AX$1000=AX21)*($AY$6:$AY$1000>AY21)*ISNUMBER($AV$6:$AV$1000)*ISNUMBER($AY$6:$AY$1000))+SUMPRODUCT(($AV$6:$AV$1000=AV21)*($AW$6:$AW$1000=AW21)*($AX$6:$AX$1000=AX21)*($AY$6:$AY$1000=AY21)*($BA$6:$BA$1000>BA21)*ISNUMBER($AV$6:$AV$1000)*ISNUMBER($BA$6:$BA$1000)),"")
A22: =IF(B22<>"",COUNTA($B$6:B22),"") | E22: =IF(B22="","",IF(COUNTA($B$6:$B$69)<=(E5-D5+1),(D5+MOD(A22-1,(E5-D5+1))),(D5+MOD(A22-1,(E5-D5+1)))&CHAR(65+FLOOR((A22-1)/(E5-D5+1),1)))) | AP22: =IF(B22<>"",IF(F22="X",10,IF(F22="M",0,IF(ISNUMBER(F22),F22,0)))+IF(G22="X",10,IF(G22="M",0,IF(ISNUMBER(G22),G22,0)))+IF(H22="X",10,IF(H22="M",0,IF(ISNUMBER(H22),H22,0)))+IF(I22="X",10,IF(I22="M",0,IF(ISNUMBER(I22),I22,0)))+IF(J22="X",10,IF(J22="M",0,IF(ISNUMBER(J22),J22,0)))+IF(K22="X",10,IF(K22="M",0,IF(ISNUMBER(K22),K22,0))),"") | AQ22: =IF(B22<>"",IF(L22="X",10,IF(L22="M",0,IF(ISNUMBER(L22),L22,0)))+IF(M22="X",10,IF(M22="M",0,IF(ISNUMBER(M22),M22,0)))+IF(N22="X",10,IF(N22="M",0,IF(ISNUMBER(N22),N22,0)))+IF(O22="X",10,IF(O22="M",0,IF(ISNUMBER(O22),O22,0)))+IF(P22="X",10,IF(P22="M",0,IF(ISNUMBER(P22),P22,0)))+IF(Q22="X",10,IF(Q22="M",0,IF(ISNUMBER(Q22),Q22,0))),"") | AR22: =IF(B22<>"",IF(R22="X",10,IF(R22="M",0,IF(ISNUMBER(R22),R22,0)))+IF(S22="X",10,IF(S22="M",0,IF(ISNUMBER(S22),S22,0)))+IF(T22="X",10,IF(T22="M",0,IF(ISNUMBER(T22),T22,0)))+IF(U22="X",10,IF(U22="M",0,IF(ISNUMBER(U22),U22,0)))+IF(V22="X",10,IF(V22="M",0,IF(ISNUMBER(V22),V22,0)))+IF(W22="X",10,IF(W22="M",0,IF(ISNUMBER(W22),W22,0))),"") | AS22: =IF(B22<>"",IF(X22="X",10,IF(X22="M",0,IF(ISNUMBER(X22),X22,0)))+IF(Y22="X",10,IF(Y22="M",0,IF(ISNUMBER(Y22),Y22,0)))+IF(Z22="X",10,IF(Z22="M",0,IF(ISNUMBER(Z22),Z22,0)))+IF(AA22="X",10,IF(AA22="M",0,IF(ISNUMBER(AA22),AA22,0)))+IF(AB22="X",10,IF(AB22="M",0,IF(ISNUMBER(AB22),AB22,0)))+IF(AC22="X",10,IF(AC22="M",0,IF(ISNUMBER(AC22),AC22,0))),"") | AT22: =IF(B22<>"",IF(AD22="X",10,IF(AD22="M",0,IF(ISNUMBER(AD22),AD22,0)))+IF(AE22="X",10,IF(AE22="M",0,IF(ISNUMBER(AE22),AE22,0)))+IF(AF22="X",10,IF(AF22="M",0,IF(ISNUMBER(AF22),AF22,0)))+IF(AG22="X",10,IF(AG22="M",0,IF(ISNUMBER(AG22),AG22,0)))+IF(AH22="X",10,IF(AH22="M",0,IF(ISNUMBER(AH22),AH22,0)))+IF(AI22="X",10,IF(AI22="M",0,IF(ISNUMBER(AI22),AI22,0))),"") | AU22: =IF(B22<>"",IF(AJ22="X",10,IF(AJ22="M",0,IF(ISNUMBER(AJ22),AJ22,0)))+IF(AK22="X",10,IF(AK22="M",0,IF(ISNUMBER(AK22),AK22,0)))+IF(AL22="X",10,IF(AL22="M",0,IF(ISNUMBER(AL22),AL22,0)))+IF(AM22="X",10,IF(AM22="M",0,IF(ISNUMBER(AM22),AM22,0)))+IF(AN22="X",10,IF(AN22="M",0,IF(ISNUMBER(AN22),AN22,0)))+IF(AO22="X",10,IF(AO22="M",0,IF(ISNUMBER(AO22),AO22,0))),"") | AV22: =IF(B22<>"",AP22+AQ22+AR22+AS22+AT22+AU22,"") | AW22: =IF(B22<>"",IF(F22="X",1,0)+IF(G22="X",1,0)+IF(H22="X",1,0)+IF(I22="X",1,0)+IF(J22="X",1,0)+IF(K22="X",1,0)+IF(L22="X",1,0)+IF(M22="X",1,0)+IF(N22="X",1,0)+IF(O22="X",1,0)+IF(P22="X",1,0)+IF(Q22="X",1,0)+IF(R22="X",1,0)+IF(S22="X",1,0)+IF(T22="X",1,0)+IF(U22="X",1,0)+IF(V22="X",1,0)+IF(W22="X",1,0)+IF(X22="X",1,0)+IF(Y22="X",1,0)+IF(Z22="X",1,0)+IF(AA22="X",1,0)+IF(AB22="X",1,0)+IF(AC22="X",1,0)+IF(AD22="X",1,0)+IF(AE22="X",1,0)+IF(AF22="X",1,0)+IF(AG22="X",1,0)+IF(AH22="X",1,0)+IF(AI22="X",1,0)+IF(AJ22="X",1,0)+IF(AK22="X",1,0)+IF(AL22="X",1,0)+IF(AM22="X",1,0)+IF(AN22="X",1,0)+IF(AO22="X",1,0),"") | AX22: =IF(B22<>"",IF(OR(F22="X",F22=10),1,0)+IF(OR(G22="X",G22=10),1,0)+IF(OR(H22="X",H22=10),1,0)+IF(OR(I22="X",I22=10),1,0)+IF(OR(J22="X",J22=10),1,0)+IF(OR(K22="X",K22=10),1,0)+IF(OR(L22="X",L22=10),1,0)+IF(OR(M22="X",M22=10),1,0)+IF(OR(N22="X",N22=10),1,0)+IF(OR(O22="X",O22=10),1,0)+IF(OR(P22="X",P22=10),1,0)+IF(OR(Q22="X",Q22=10),1,0)+IF(OR(R22="X",R22=10),1,0)+IF(OR(S22="X",S22=10),1,0)+IF(OR(T22="X",T22=10),1,0)+IF(OR(U22="X",U22=10),1,0)+IF(OR(V22="X",V22=10),1,0)+IF(OR(W22="X",W22=10),1,0)+IF(OR(X22="X",X22=10),1,0)+IF(OR(Y22="X",Y22=10),1,0)+IF(OR(Z22="X",Z22=10),1,0)+IF(OR(AA22="X",AA22=10),1,0)+IF(OR(AB22="X",AB22=10),1,0)+IF(OR(AC22="X",AC22=10),1,0)+IF(OR(AD22="X",AD22=10),1,0)+IF(OR(AE22="X",AE22=10),1,0)+IF(OR(AF22="X",AF22=10),1,0)+IF(OR(AG22="X",AG22=10),1,0)+IF(OR(AH22="X",AH22=10),1,0)+IF(OR(AI22="X",AI22=10),1,0)+IF(OR(AJ22="X",AJ22=10),1,0)+IF(OR(AK22="X",AK22=10),1,0)+IF(OR(AL22="X",AL22=10),1,0)+IF(OR(AM22="X",AM22=10),1,0)+IF(OR(AN22="X",AN22=10),1,0)+IF(OR(AO22="X",AO22=10),1,0),"") | AY22: =IF(B22<>"",IF(F22=9,1,0)+IF(G22=9,1,0)+IF(H22=9,1,0)+IF(I22=9,1,0)+IF(J22=9,1,0)+IF(K22=9,1,0)+IF(L22=9,1,0)+IF(M22=9,1,0)+IF(N22=9,1,0)+IF(O22=9,1,0)+IF(P22=9,1,0)+IF(Q22=9,1,0)+IF(R22=9,1,0)+IF(S22=9,1,0)+IF(T22=9,1,0)+IF(U22=9,1,0)+IF(V22=9,1,0)+IF(W22=9,1,0)+IF(X22=9,1,0)+IF(Y22=9,1,0)+IF(Z22=9,1,0)+IF(AA22=9,1,0)+IF(AB22=9,1,0)+IF(AC22=9,1,0)+IF(AD22=9,1,0)+IF(AE22=9,1,0)+IF(AF22=9,1,0)+IF(AG22=9,1,0)+IF(AH22=9,1,0)+IF(AI22=9,1,0)+IF(AJ22=9,1,0)+IF(AK22=9,1,0)+IF(AL22=9,1,0)+IF(AM22=9,1,0)+IF(AN22=9,1,0)+IF(AO22=9,1,0),"") | AZ22: =IF(B22<>"",SUMPRODUCT(($AV$6:$AV$1000>AV22)*ISNUMBER($AV$6:$AV$1000))+1+SUMPRODUCT(($AV$6:$AV$1000=AV22)*($AW$6:$AW$1000>AW22)*ISNUMBER($AV$6:$AV$1000)*ISNUMBER($AW$6:$AW$1000))+SUMPRODUCT(($AV$6:$AV$1000=AV22)*($AW$6:$AW$1000=AW22)*($AX$6:$AX$1000>AX22)*ISNUMBER($AV$6:$AV$1000)*ISNUMBER($AX$6:$AX$1000))+SUMPRODUCT(($AV$6:$AV$1000=AV22)*($AW$6:$AW$1000=AW22)*($AX$6:$AX$1000=AX22)*($AY$6:$AY$1000>AY22)*ISNUMBER($AV$6:$AV$1000)*ISNUMBER($AY$6:$AY$1000)),"") | BB22: =IF(B22<>"",SUMPRODUCT(($AV$6:$AV$1000>AV22)*ISNUMBER($AV$6:$AV$1000))+1+SUMPRODUCT(($AV$6:$AV$1000=AV22)*($AW$6:$AW$1000>AW22)*ISNUMBER($AV$6:$AV$1000)*ISNUMBER($AW$6:$AW$1000))+SUMPRODUCT(($AV$6:$AV$1000=AV22)*($AW$6:$AW$1000=AW22)*($AX$6:$AX$1000>AX22)*ISNUMBER($AV$6:$AV$1000)*ISNUMBER($AX$6:$AX$1000))+SUMPRODUCT(($AV$6:$AV$1000=AV22)*($AW$6:$AW$1000=AW22)*($AX$6:$AX$1000=AX22)*($AY$6:$AY$1000>AY22)*ISNUMBER($AV$6:$AV$1000)*ISNUMBER($AY$6:$AY$1000))+SUMPRODUCT(($AV$6:$AV$1000=AV22)*($AW$6:$AW$1000=AW22)*($AX$6:$AX$1000=AX22)*($AY$6:$AY$1000=AY22)*($BA$6:$BA$1000>BA22)*ISNUMBER($AV$6:$AV$1000)*ISNUMBER($BA$6:$BA$1000)),"")
A23: =IF(B23<>"",COUNTA($B$6:B23),"") | E23: =IF(B23="","",IF(COUNTA($B$6:$B$69)<=(E5-D5+1),(D5+MOD(A23-1,(E5-D5+1))),(D5+MOD(A23-1,(E5-D5+1)))&CHAR(65+FLOOR((A23-1)/(E5-D5+1),1)))) | AP23: =IF(B23<>"",IF(F23="X",10,IF(F23="M",0,IF(ISNUMBER(F23),F23,0)))+IF(G23="X",10,IF(G23="M",0,IF(ISNUMBER(G23),G23,0)))+IF(H23="X",10,IF(H23="M",0,IF(ISNUMBER(H23),H23,0)))+IF(I23="X",10,IF(I23="M",0,IF(ISNUMBER(I23),I23,0)))+IF(J23="X",10,IF(J23="M",0,IF(ISNUMBER(J23),J23,0)))+IF(K23="X",10,IF(K23="M",0,IF(ISNUMBER(K23),K23,0))),"") | AQ23: =IF(B23<>"",IF(L23="X",10,IF(L23="M",0,IF(ISNUMBER(L23),L23,0)))+IF(M23="X",10,IF(M23="M",0,IF(ISNUMBER(M23),M23,0)))+IF(N23="X",10,IF(N23="M",0,IF(ISNUMBER(N23),N23,0)))+IF(O23="X",10,IF(O23="M",0,IF(ISNUMBER(O23),O23,0)))+IF(P23="X",10,IF(P23="M",0,IF(ISNUMBER(P23),P23,0)))+IF(Q23="X",10,IF(Q23="M",0,IF(ISNUMBER(Q23),Q23,0))),"") | AR23: =IF(B23<>"",IF(R23="X",10,IF(R23="M",0,IF(ISNUMBER(R23),R23,0)))+IF(S23="X",10,IF(S23="M",0,IF(ISNUMBER(S23),S23,0)))+IF(T23="X",10,IF(T23="M",0,IF(ISNUMBER(T23),T23,0)))+IF(U23="X",10,IF(U23="M",0,IF(ISNUMBER(U23),U23,0)))+IF(V23="X",10,IF(V23="M",0,IF(ISNUMBER(V23),V23,0)))+IF(W23="X",10,IF(W23="M",0,IF(ISNUMBER(W23),W23,0))),"") | AS23: =IF(B23<>"",IF(X23="X",10,IF(X23="M",0,IF(ISNUMBER(X23),X23,0)))+IF(Y23="X",10,IF(Y23="M",0,IF(ISNUMBER(Y23),Y23,0)))+IF(Z23="X",10,IF(Z23="M",0,IF(ISNUMBER(Z23),Z23,0)))+IF(AA23="X",10,IF(AA23="M",0,IF(ISNUMBER(AA23),AA23,0)))+IF(AB23="X",10,IF(AB23="M",0,IF(ISNUMBER(AB23),AB23,0)))+IF(AC23="X",10,IF(AC23="M",0,IF(ISNUMBER(AC23),AC23,0))),"") | AT23: =IF(B23<>"",IF(AD23="X",10,IF(AD23="M",0,IF(ISNUMBER(AD23),AD23,0)))+IF(AE23="X",10,IF(AE23="M",0,IF(ISNUMBER(AE23),AE23,0)))+IF(AF23="X",10,IF(AF23="M",0,IF(ISNUMBER(AF23),AF23,0)))+IF(AG23="X",10,IF(AG23="M",0,IF(ISNUMBER(AG23),AG23,0)))+IF(AH23="X",10,IF(AH23="M",0,IF(ISNUMBER(AH23),AH23,0)))+IF(AI23="X",10,IF(AI23="M",0,IF(ISNUMBER(AI23),AI23,0))),"") | AU23: =IF(B23<>"",IF(AJ23="X",10,IF(AJ23="M",0,IF(ISNUMBER(AJ23),AJ23,0)))+IF(AK23="X",10,IF(AK23="M",0,IF(ISNUMBER(AK23),AK23,0)))+IF(AL23="X",10,IF(AL23="M",0,IF(ISNUMBER(AL23),AL23,0)))+IF(AM23="X",10,IF(AM23="M",0,IF(ISNUMBER(AM23),AM23,0)))+IF(AN23="X",10,IF(AN23="M",0,IF(ISNUMBER(AN23),AN23,0)))+IF(AO23="X",10,IF(AO23="M",0,IF(ISNUMBER(AO23),AO23,0))),"") | AV23: =IF(B23<>"",AP23+AQ23+AR23+AS23+AT23+AU23,"") | AW23: =IF(B23<>"",IF(F23="X",1,0)+IF(G23="X",1,0)+IF(H23="X",1,0)+IF(I23="X",1,0)+IF(J23="X",1,0)+IF(K23="X",1,0)+IF(L23="X",1,0)+IF(M23="X",1,0)+IF(N23="X",1,0)+IF(O23="X",1,0)+IF(P23="X",1,0)+IF(Q23="X",1,0)+IF(R23="X",1,0)+IF(S23="X",1,0)+IF(T23="X",1,0)+IF(U23="X",1,0)+IF(V23="X",1,0)+IF(W23="X",1,0)+IF(X23="X",1,0)+IF(Y23="X",1,0)+IF(Z23="X",1,0)+IF(AA23="X",1,0)+IF(AB23="X",1,0)+IF(AC23="X",1,0)+IF(AD23="X",1,0)+IF(AE23="X",1,0)+IF(AF23="X",1,0)+IF(AG23="X",1,0)+IF(AH23="X",1,0)+IF(AI23="X",1,0)+IF(AJ23="X",1,0)+IF(AK23="X",1,0)+IF(AL23="X",1,0)+IF(AM23="X",1,0)+IF(AN23="X",1,0)+IF(AO23="X",1,0),"") | AX23: =IF(B23<>"",IF(OR(F23="X",F23=10),1,0)+IF(OR(G23="X",G23=10),1,0)+IF(OR(H23="X",H23=10),1,0)+IF(OR(I23="X",I23=10),1,0)+IF(OR(J23="X",J23=10),1,0)+IF(OR(K23="X",K23=10),1,0)+IF(OR(L23="X",L23=10),1,0)+IF(OR(M23="X",M23=10),1,0)+IF(OR(N23="X",N23=10),1,0)+IF(OR(O23="X",O23=10),1,0)+IF(OR(P23="X",P23=10),1,0)+IF(OR(Q23="X",Q23=10),1,0)+IF(OR(R23="X",R23=10),1,0)+IF(OR(S23="X",S23=10),1,0)+IF(OR(T23="X",T23=10),1,0)+IF(OR(U23="X",U23=10),1,0)+IF(OR(V23="X",V23=10),1,0)+IF(OR(W23="X",W23=10),1,0)+IF(OR(X23="X",X23=10),1,0)+IF(OR(Y23="X",Y23=10),1,0)+IF(OR(Z23="X",Z23=10),1,0)+IF(OR(AA23="X",AA23=10),1,0)+IF(OR(AB23="X",AB23=10),1,0)+IF(OR(AC23="X",AC23=10),1,0)+IF(OR(AD23="X",AD23=10),1,0)+IF(OR(AE23="X",AE23=10),1,0)+IF(OR(AF23="X",AF23=10),1,0)+IF(OR(AG23="X",AG23=10),1,0)+IF(OR(AH23="X",AH23=10),1,0)+IF(OR(AI23="X",AI23=10),1,0)+IF(OR(AJ23="X",AJ23=10),1,0)+IF(OR(AK23="X",AK23=10),1,0)+IF(OR(AL23="X",AL23=10),1,0)+IF(OR(AM23="X",AM23=10),1,0)+IF(OR(AN23="X",AN23=10),1,0)+IF(OR(AO23="X",AO23=10),1,0),"") | AY23: =IF(B23<>"",IF(F23=9,1,0)+IF(G23=9,1,0)+IF(H23=9,1,0)+IF(I23=9,1,0)+IF(J23=9,1,0)+IF(K23=9,1,0)+IF(L23=9,1,0)+IF(M23=9,1,0)+IF(N23=9,1,0)+IF(O23=9,1,0)+IF(P23=9,1,0)+IF(Q23=9,1,0)+IF(R23=9,1,0)+IF(S23=9,1,0)+IF(T23=9,1,0)+IF(U23=9,1,0)+IF(V23=9,1,0)+IF(W23=9,1,0)+IF(X23=9,1,0)+IF(Y23=9,1,0)+IF(Z23=9,1,0)+IF(AA23=9,1,0)+IF(AB23=9,1,0)+IF(AC23=9,1,0)+IF(AD23=9,1,0)+IF(AE23=9,1,0)+IF(AF23=9,1,0)+IF(AG23=9,1,0)+IF(AH23=9,1,0)+IF(AI23=9,1,0)+IF(AJ23=9,1,0)+IF(AK23=9,1,0)+IF(AL23=9,1,0)+IF(AM23=9,1,0)+IF(AN23=9,1,0)+IF(AO23=9,1,0),"") | AZ23: =IF(B23<>"",SUMPRODUCT(($AV$6:$AV$1000>AV23)*ISNUMBER($AV$6:$AV$1000))+1+SUMPRODUCT(($AV$6:$AV$1000=AV23)*($AW$6:$AW$1000>AW23)*ISNUMBER($AV$6:$AV$1000)*ISNUMBER($AW$6:$AW$1000))+SUMPRODUCT(($AV$6:$AV$1000=AV23)*($AW$6:$AW$1000=AW23)*($AX$6:$AX$1000>AX23)*ISNUMBER($AV$6:$AV$1000)*ISNUMBER($AX$6:$AX$1000))+SUMPRODUCT(($AV$6:$AV$1000=AV23)*($AW$6:$AW$1000=AW23)*($AX$6:$AX$1000=AX23)*($AY$6:$AY$1000>AY23)*ISNUMBER($AV$6:$AV$1000)*ISNUMBER($AY$6:$AY$1000)),"") | BB23: =IF(B23<>"",SUMPRODUCT(($AV$6:$AV$1000>AV23)*ISNUMBER($AV$6:$AV$1000))+1+SUMPRODUCT(($AV$6:$AV$1000=AV23)*($AW$6:$AW$1000>AW23)*ISNUMBER($AV$6:$AV$1000)*ISNUMBER($AW$6:$AW$1000))+SUMPRODUCT(($AV$6:$AV$1000=AV23)*($AW$6:$AW$1000=AW23)*($AX$6:$AX$1000>AX23)*ISNUMBER($AV$6:$AV$1000)*ISNUMBER($AX$6:$AX$1000))+SUMPRODUCT(($AV$6:$AV$1000=AV23)*($AW$6:$AW$1000=AW23)*($AX$6:$AX$1000=AX23)*($AY$6:$AY$1000>AY23)*ISNUMBER($AV$6:$AV$1000)*ISNUMBER($AY$6:$AY$1000))+SUMPRODUCT(($AV$6:$AV$1000=AV23)*($AW$6:$AW$1000=AW23)*($AX$6:$AX$1000=AX23)*($AY$6:$AY$1000=AY23)*($BA$6:$BA$1000>BA23)*ISNUMBER($AV$6:$AV$1000)*ISNUMBER($BA$6:$BA$1000)),"")
A24: =IF(B24<>"",COUNTA($B$6:B24),"") | E24: =IF(B24="","",IF(COUNTA($B$6:$B$69)<=(E5-D5+1),(D5+MOD(A24-1,(E5-D5+1))),(D5+MOD(A24-1,(E5-D5+1)))&CHAR(65+FLOOR((A24-1)/(E5-D5+1),1)))) | AP24: =IF(B24<>"",IF(F24="X",10,IF(F24="M",0,IF(ISNUMBER(F24),F24,0)))+IF(G24="X",10,IF(G24="M",0,IF(ISNUMBER(G24),G24,0)))+IF(H24="X",10,IF(H24="M",0,IF(ISNUMBER(H24),H24,0)))+IF(I24="X",10,IF(I24="M",0,IF(ISNUMBER(I24),I24,0)))+IF(J24="X",10,IF(J24="M",0,IF(ISNUMBER(J24),J24,0)))+IF(K24="X",10,IF(K24="M",0,IF(ISNUMBER(K24),K24,0))),"") | AQ24: =IF(B24<>"",IF(L24="X",10,IF(L24="M",0,IF(ISNUMBER(L24),L24,0)))+IF(M24="X",10,IF(M24="M",0,IF(ISNUMBER(M24),M24,0)))+IF(N24="X",10,IF(N24="M",0,IF(ISNUMBER(N24),N24,0)))+IF(O24="X",10,IF(O24="M",0,IF(ISNUMBER(O24),O24,0)))+IF(P24="X",10,IF(P24="M",0,IF(ISNUMBER(P24),P24,0)))+IF(Q24="X",10,IF(Q24="M",0,IF(ISNUMBER(Q24),Q24,0))),"") | AR24: =IF(B24<>"",IF(R24="X",10,IF(R24="M",0,IF(ISNUMBER(R24),R24,0)))+IF(S24="X",10,IF(S24="M",0,IF(ISNUMBER(S24),S24,0)))+IF(T24="X",10,IF(T24="M",0,IF(ISNUMBER(T24),T24,0)))+IF(U24="X",10,IF(U24="M",0,IF(ISNUMBER(U24),U24,0)))+IF(V24="X",10,IF(V24="M",0,IF(ISNUMBER(V24),V24,0)))+IF(W24="X",10,IF(W24="M",0,IF(ISNUMBER(W24),W24,0))),"") | AS24: =IF(B24<>"",IF(X24="X",10,IF(X24="M",0,IF(ISNUMBER(X24),X24,0)))+IF(Y24="X",10,IF(Y24="M",0,IF(ISNUMBER(Y24),Y24,0)))+IF(Z24="X",10,IF(Z24="M",0,IF(ISNUMBER(Z24),Z24,0)))+IF(AA24="X",10,IF(AA24="M",0,IF(ISNUMBER(AA24),AA24,0)))+IF(AB24="X",10,IF(AB24="M",0,IF(ISNUMBER(AB24),AB24,0)))+IF(AC24="X",10,IF(AC24="M",0,IF(ISNUMBER(AC24),AC24,0))),"") | AT24: =IF(B24<>"",IF(AD24="X",10,IF(AD24="M",0,IF(ISNUMBER(AD24),AD24,0)))+IF(AE24="X",10,IF(AE24="M",0,IF(ISNUMBER(AE24),AE24,0)))+IF(AF24="X",10,IF(AF24="M",0,IF(ISNUMBER(AF24),AF24,0)))+IF(AG24="X",10,IF(AG24="M",0,IF(ISNUMBER(AG24),AG24,0)))+IF(AH24="X",10,IF(AH24="M",0,IF(ISNUMBER(AH24),AH24,0)))+IF(AI24="X",10,IF(AI24="M",0,IF(ISNUMBER(AI24),AI24,0))),"") | AU24: =IF(B24<>"",IF(AJ24="X",10,IF(AJ24="M",0,IF(ISNUMBER(AJ24),AJ24,0)))+IF(AK24="X",10,IF(AK24="M",0,IF(ISNUMBER(AK24),AK24,0)))+IF(AL24="X",10,IF(AL24="M",0,IF(ISNUMBER(AL24),AL24,0)))+IF(AM24="X",10,IF(AM24="M",0,IF(ISNUMBER(AM24),AM24,0)))+IF(AN24="X",10,IF(AN24="M",0,IF(ISNUMBER(AN24),AN24,0)))+IF(AO24="X",10,IF(AO24="M",0,IF(ISNUMBER(AO24),AO24,0))),"") | AV24: =IF(B24<>"",AP24+AQ24+AR24+AS24+AT24+AU24,"") | AW24: =IF(B24<>"",IF(F24="X",1,0)+IF(G24="X",1,0)+IF(H24="X",1,0)+IF(I24="X",1,0)+IF(J24="X",1,0)+IF(K24="X",1,0)+IF(L24="X",1,0)+IF(M24="X",1,0)+IF(N24="X",1,0)+IF(O24="X",1,0)+IF(P24="X",1,0)+IF(Q24="X",1,0)+IF(R24="X",1,0)+IF(S24="X",1,0)+IF(T24="X",1,0)+IF(U24="X",1,0)+IF(V24="X",1,0)+IF(W24="X",1,0)+IF(X24="X",1,0)+IF(Y24="X",1,0)+IF(Z24="X",1,0)+IF(AA24="X",1,0)+IF(AB24="X",1,0)+IF(AC24="X",1,0)+IF(AD24="X",1,0)+IF(AE24="X",1,0)+IF(AF24="X",1,0)+IF(AG24="X",1,0)+IF(AH24="X",1,0)+IF(AI24="X",1,0)+IF(AJ24="X",1,0)+IF(AK24="X",1,0)+IF(AL24="X",1,0)+IF(AM24="X",1,0)+IF(AN24="X",1,0)+IF(AO24="X",1,0),"") | AX24: =IF(B24<>"",IF(OR(F24="X",F24=10),1,0)+IF(OR(G24="X",G24=10),1,0)+IF(OR(H24="X",H24=10),1,0)+IF(OR(I24="X",I24=10),1,0)+IF(OR(J24="X",J24=10),1,0)+IF(OR(K24="X",K24=10),1,0)+IF(OR(L24="X",L24=10),1,0)+IF(OR(M24="X",M24=10),1,0)+IF(OR(N24="X",N24=10),1,0)+IF(OR(O24="X",O24=10),1,0)+IF(OR(P24="X",P24=10),1,0)+IF(OR(Q24="X",Q24=10),1,0)+IF(OR(R24="X",R24=10),1,0)+IF(OR(S24="X",S24=10),1,0)+IF(OR(T24="X",T24=10),1,0)+IF(OR(U24="X",U24=10),1,0)+IF(OR(V24="X",V24=10),1,0)+IF(OR(W24="X",W24=10),1,0)+IF(OR(X24="X",X24=10),1,0)+IF(OR(Y24="X",Y24=10),1,0)+IF(OR(Z24="X",Z24=10),1,0)+IF(OR(AA24="X",AA24=10),1,0)+IF(OR(AB24="X",AB24=10),1,0)+IF(OR(AC24="X",AC24=10),1,0)+IF(OR(AD24="X",AD24=10),1,0)+IF(OR(AE24="X",AE24=10),1,0)+IF(OR(AF24="X",AF24=10),1,0)+IF(OR(AG24="X",AG24=10),1,0)+IF(OR(AH24="X",AH24=10),1,0)+IF(OR(AI24="X",AI24=10),1,0)+IF(OR(AJ24="X",AJ24=10),1,0)+IF(OR(AK24="X",AK24=10),1,0)+IF(OR(AL24="X",AL24=10),1,0)+IF(OR(AM24="X",AM24=10),1,0)+IF(OR(AN24="X",AN24=10),1,0)+IF(OR(AO24="X",AO24=10),1,0),"") | AY24: =IF(B24<>"",IF(F24=9,1,0)+IF(G24=9,1,0)+IF(H24=9,1,0)+IF(I24=9,1,0)+IF(J24=9,1,0)+IF(K24=9,1,0)+IF(L24=9,1,0)+IF(M24=9,1,0)+IF(N24=9,1,0)+IF(O24=9,1,0)+IF(P24=9,1,0)+IF(Q24=9,1,0)+IF(R24=9,1,0)+IF(S24=9,1,0)+IF(T24=9,1,0)+IF(U24=9,1,0)+IF(V24=9,1,0)+IF(W24=9,1,0)+IF(X24=9,1,0)+IF(Y24=9,1,0)+IF(Z24=9,1,0)+IF(AA24=9,1,0)+IF(AB24=9,1,0)+IF(AC24=9,1,0)+IF(AD24=9,1,0)+IF(AE24=9,1,0)+IF(AF24=9,1,0)+IF(AG24=9,1,0)+IF(AH24=9,1,0)+IF(AI24=9,1,0)+IF(AJ24=9,1,0)+IF(AK24=9,1,0)+IF(AL24=9,1,0)+IF(AM24=9,1,0)+IF(AN24=9,1,0)+IF(AO24=9,1,0),"") | AZ24: =IF(B24<>"",SUMPRODUCT(($AV$6:$AV$1000>AV24)*ISNUMBER($AV$6:$AV$1000))+1+SUMPRODUCT(($AV$6:$AV$1000=AV24)*($AW$6:$AW$1000>AW24)*ISNUMBER($AV$6:$AV$1000)*ISNUMBER($AW$6:$AW$1000))+SUMPRODUCT(($AV$6:$AV$1000=AV24)*($AW$6:$AW$1000=AW24)*($AX$6:$AX$1000>AX24)*ISNUMBER($AV$6:$AV$1000)*ISNUMBER($AX$6:$AX$1000))+SUMPRODUCT(($AV$6:$AV$1000=AV24)*($AW$6:$AW$1000=AW24)*($AX$6:$AX$1000=AX24)*($AY$6:$AY$1000>AY24)*ISNUMBER($AV$6:$AV$1000)*ISNUMBER($AY$6:$AY$1000)),"") | BB24: =IF(B24<>"",SUMPRODUCT(($AV$6:$AV$1000>AV24)*ISNUMBER($AV$6:$AV$1000))+1+SUMPRODUCT(($AV$6:$AV$1000=AV24)*($AW$6:$AW$1000>AW24)*ISNUMBER($AV$6:$AV$1000)*ISNUMBER($AW$6:$AW$1000))+SUMPRODUCT(($AV$6:$AV$1000=AV24)*($AW$6:$AW$1000=AW24)*($AX$6:$AX$1000>AX24)*ISNUMBER($AV$6:$AV$1000)*ISNUMBER($AX$6:$AX$1000))+SUMPRODUCT(($AV$6:$AV$1000=AV24)*($AW$6:$AW$1000=AW24)*($AX$6:$AX$1000=AX24)*($AY$6:$AY$1000>AY24)*ISNUMBER($AV$6:$AV$1000)*ISNUMBER($AY$6:$AY$1000))+SUMPRODUCT(($AV$6:$AV$1000=AV24)*($AW$6:$AW$1000=AW24)*($AX$6:$AX$1000=AX24)*($AY$6:$AY$1000=AY24)*($BA$6:$BA$1000>BA24)*ISNUMBER($AV$6:$AV$1000)*ISNUMBER($BA$6:$BA$1000)),"")
A25: =IF(B25<>"",COUNTA($B$6:B25),"") | E25: =IF(B25="","",IF(COUNTA($B$6:$B$69)<=(E5-D5+1),(D5+MOD(A25-1,(E5-D5+1))),(D5+MOD(A25-1,(E5-D5+1)))&CHAR(65+FLOOR((A25-1)/(E5-D5+1),1)))) | AP25: =IF(B25<>"",IF(F25="X",10,IF(F25="M",0,IF(ISNUMBER(F25),F25,0)))+IF(G25="X",10,IF(G25="M",0,IF(ISNUMBER(G25),G25,0)))+IF(H25="X",10,IF(H25="M",0,IF(ISNUMBER(H25),H25,0)))+IF(I25="X",10,IF(I25="M",0,IF(ISNUMBER(I25),I25,0)))+IF(J25="X",10,IF(J25="M",0,IF(ISNUMBER(J25),J25,0)))+IF(K25="X",10,IF(K25="M",0,IF(ISNUMBER(K25),K25,0))),"") | AQ25: =IF(B25<>"",IF(L25="X",10,IF(L25="M",0,IF(ISNUMBER(L25),L25,0)))+IF(M25="X",10,IF(M25="M",0,IF(ISNUMBER(M25),M25,0)))+IF(N25="X",10,IF(N25="M",0,IF(ISNUMBER(N25),N25,0)))+IF(O25="X",10,IF(O25="M",0,IF(ISNUMBER(O25),O25,0)))+IF(P25="X",10,IF(P25="M",0,IF(ISNUMBER(P25),P25,0)))+IF(Q25="X",10,IF(Q25="M",0,IF(ISNUMBER(Q25),Q25,0))),"") | AR25: =IF(B25<>"",IF(R25="X",10,IF(R25="M",0,IF(ISNUMBER(R25),R25,0)))+IF(S25="X",10,IF(S25="M",0,IF(ISNUMBER(S25),S25,0)))+IF(T25="X",10,IF(T25="M",0,IF(ISNUMBER(T25),T25,0)))+IF(U25="X",10,IF(U25="M",0,IF(ISNUMBER(U25),U25,0)))+IF(V25="X",10,IF(V25="M",0,IF(ISNUMBER(V25),V25,0)))+IF(W25="X",10,IF(W25="M",0,IF(ISNUMBER(W25),W25,0))),"") | AS25: =IF(B25<>"",IF(X25="X",10,IF(X25="M",0,IF(ISNUMBER(X25),X25,0)))+IF(Y25="X",10,IF(Y25="M",0,IF(ISNUMBER(Y25),Y25,0)))+IF(Z25="X",10,IF(Z25="M",0,IF(ISNUMBER(Z25),Z25,0)))+IF(AA25="X",10,IF(AA25="M",0,IF(ISNUMBER(AA25),AA25,0)))+IF(AB25="X",10,IF(AB25="M",0,IF(ISNUMBER(AB25),AB25,0)))+IF(AC25="X",10,IF(AC25="M",0,IF(ISNUMBER(AC25),AC25,0))),"") | AT25: =IF(B25<>"",IF(AD25="X",10,IF(AD25="M",0,IF(ISNUMBER(AD25),AD25,0)))+IF(AE25="X",10,IF(AE25="M",0,IF(ISNUMBER(AE25),AE25,0)))+IF(AF25="X",10,IF(AF25="M",0,IF(ISNUMBER(AF25),AF25,0)))+IF(AG25="X",10,IF(AG25="M",0,IF(ISNUMBER(AG25),AG25,0)))+IF(AH25="X",10,IF(AH25="M",0,IF(ISNUMBER(AH25),AH25,0)))+IF(AI25="X",10,IF(AI25="M",0,IF(ISNUMBER(AI25),AI25,0))),"") | AU25: =IF(B25<>"",IF(AJ25="X",10,IF(AJ25="M",0,IF(ISNUMBER(AJ25),AJ25,0)))+IF(AK25="X",10,IF(AK25="M",0,IF(ISNUMBER(AK25),AK25,0)))+IF(AL25="X",10,IF(AL25="M",0,IF(ISNUMBER(AL25),AL25,0)))+IF(AM25="X",10,IF(AM25="M",0,IF(ISNUMBER(AM25),AM25,0)))+IF(AN25="X",10,IF(AN25="M",0,IF(ISNUMBER(AN25),AN25,0)))+IF(AO25="X",10,IF(AO25="M",0,IF(ISNUMBER(AO25),AO25,0))),"") | AV25: =IF(B25<>"",AP25+AQ25+AR25+AS25+AT25+AU25,"") | AW25: =IF(B25<>"",IF(F25="X",1,0)+IF(G25="X",1,0)+IF(H25="X",1,0)+IF(I25="X",1,0)+IF(J25="X",1,0)+IF(K25="X",1,0)+IF(L25="X",1,0)+IF(M25="X",1,0)+IF(N25="X",1,0)+IF(O25="X",1,0)+IF(P25="X",1,0)+IF(Q25="X",1,0)+IF(R25="X",1,0)+IF(S25="X",1,0)+IF(T25="X",1,0)+IF(U25="X",1,0)+IF(V25="X",1,0)+IF(W25="X",1,0)+IF(X25="X",1,0)+IF(Y25="X",1,0)+IF(Z25="X",1,0)+IF(AA25="X",1,0)+IF(AB25="X",1,0)+IF(AC25="X",1,0)+IF(AD25="X",1,0)+IF(AE25="X",1,0)+IF(AF25="X",1,0)+IF(AG25="X",1,0)+IF(AH25="X",1,0)+IF(AI25="X",1,0)+IF(AJ25="X",1,0)+IF(AK25="X",1,0)+IF(AL25="X",1,0)+IF(AM25="X",1,0)+IF(AN25="X",1,0)+IF(AO25="X",1,0),"") | AX25: =IF(B25<>"",IF(OR(F25="X",F25=10),1,0)+IF(OR(G25="X",G25=10),1,0)+IF(OR(H25="X",H25=10),1,0)+IF(OR(I25="X",I25=10),1,0)+IF(OR(J25="X",J25=10),1,0)+IF(OR(K25="X",K25=10),1,0)+IF(OR(L25="X",L25=10),1,0)+IF(OR(M25="X",M25=10),1,0)+IF(OR(N25="X",N25=10),1,0)+IF(OR(O25="X",O25=10),1,0)+IF(OR(P25="X",P25=10),1,0)+IF(OR(Q25="X",Q25=10),1,0)+IF(OR(R25="X",R25=10),1,0)+IF(OR(S25="X",S25=10),1,0)+IF(OR(T25="X",T25=10),1,0)+IF(OR(U25="X",U25=10),1,0)+IF(OR(V25="X",V25=10),1,0)+IF(OR(W25="X",W25=10),1,0)+IF(OR(X25="X",X25=10),1,0)+IF(OR(Y25="X",Y25=10),1,0)+IF(OR(Z25="X",Z25=10),1,0)+IF(OR(AA25="X",AA25=10),1,0)+IF(OR(AB25="X",AB25=10),1,0)+IF(OR(AC25="X",AC25=10),1,0)+IF(OR(AD25="X",AD25=10),1,0)+IF(OR(AE25="X",AE25=10),1,0)+IF(OR(AF25="X",AF25=10),1,0)+IF(OR(AG25="X",AG25=10),1,0)+IF(OR(AH25="X",AH25=10),1,0)+IF(OR(AI25="X",AI25=10),1,0)+IF(OR(AJ25="X",AJ25=10),1,0)+IF(OR(AK25="X",AK25=10),1,0)+IF(OR(AL25="X",AL25=10),1,0)+IF(OR(AM25="X",AM25=10),1,0)+IF(OR(AN25="X",AN25=10),1,0)+IF(OR(AO25="X",AO25=10),1,0),"") | AY25: =IF(B25<>"",IF(F25=9,1,0)+IF(G25=9,1,0)+IF(H25=9,1,0)+IF(I25=9,1,0)+IF(J25=9,1,0)+IF(K25=9,1,0)+IF(L25=9,1,0)+IF(M25=9,1,0)+IF(N25=9,1,0)+IF(O25=9,1,0)+IF(P25=9,1,0)+IF(Q25=9,1,0)+IF(R25=9,1,0)+IF(S25=9,1,0)+IF(T25=9,1,0)+IF(U25=9,1,0)+IF(V25=9,1,0)+IF(W25=9,1,0)+IF(X25=9,1,0)+IF(Y25=9,1,0)+IF(Z25=9,1,0)+IF(AA25=9,1,0)+IF(AB25=9,1,0)+IF(AC25=9,1,0)+IF(AD25=9,1,0)+IF(AE25=9,1,0)+IF(AF25=9,1,0)+IF(AG25=9,1,0)+IF(AH25=9,1,0)+IF(AI25=9,1,0)+IF(AJ25=9,1,0)+IF(AK25=9,1,0)+IF(AL25=9,1,0)+IF(AM25=9,1,0)+IF(AN25=9,1,0)+IF(AO25=9,1,0),"") | AZ25: =IF(B25<>"",SUMPRODUCT(($AV$6:$AV$1000>AV25)*ISNUMBER($AV$6:$AV$1000))+1+SUMPRODUCT(($AV$6:$AV$1000=AV25)*($AW$6:$AW$1000>AW25)*ISNUMBER($AV$6:$AV$1000)*ISNUMBER($AW$6:$AW$1000))+SUMPRODUCT(($AV$6:$AV$1000=AV25)*($AW$6:$AW$1000=AW25)*($AX$6:$AX$1000>AX25)*ISNUMBER($AV$6:$AV$1000)*ISNUMBER($AX$6:$AX$1000))+SUMPRODUCT(($AV$6:$AV$1000=AV25)*($AW$6:$AW$1000=AW25)*($AX$6:$AX$1000=AX25)*($AY$6:$AY$1000>AY25)*ISNUMBER($AV$6:$AV$1000)*ISNUMBER($AY$6:$AY$1000)),"") | BB25: =IF(B25<>"",SUMPRODUCT(($AV$6:$AV$1000>AV25)*ISNUMBER($AV$6:$AV$1000))+1+SUMPRODUCT(($AV$6:$AV$1000=AV25)*($AW$6:$AW$1000>AW25)*ISNUMBER($AV$6:$AV$1000)*ISNUMBER($AW$6:$AW$1000))+SUMPRODUCT(($AV$6:$AV$1000=AV25)*($AW$6:$AW$1000=AW25)*($AX$6:$AX$1000>AX25)*ISNUMBER($AV$6:$AV$1000)*ISNUMBER($AX$6:$AX$1000))+SUMPRODUCT(($AV$6:$AV$1000=AV25)*($AW$6:$AW$1000=AW25)*($AX$6:$AX$1000=AX25)*($AY$6:$AY$1000>AY25)*ISNUMBER($AV$6:$AV$1000)*ISNUMBER($AY$6:$AY$1000))+SUMPRODUCT(($AV$6:$AV$1000=AV25)*($AW$6:$AW$1000=AW25)*($AX$6:$AX$1000=AX25)*($AY$6:$AY$1000=AY25)*($BA$6:$BA$1000>BA25)*ISNUMBER($AV$6:$AV$1000)*ISNUMBER($BA$6:$BA$1000)),"")
A26: =IF(B26<>"",COUNTA($B$6:B26),"") | E26: =IF(B26="","",IF(COUNTA($B$6:$B$69)<=(E5-D5+1),(D5+MOD(A26-1,(E5-D5+1))),(D5+MOD(A26-1,(E5-D5+1)))&CHAR(65+FLOOR((A26-1)/(E5-D5+1),1)))) | AP26: =IF(B26<>"",IF(F26="X",10,IF(F26="M",0,IF(ISNUMBER(F26),F26,0)))+IF(G26="X",10,IF(G26="M",0,IF(ISNUMBER(G26),G26,0)))+IF(H26="X",10,IF(H26="M",0,IF(ISNUMBER(H26),H26,0)))+IF(I26="X",10,IF(I26="M",0,IF(ISNUMBER(I26),I26,0)))+IF(J26="X",10,IF(J26="M",0,IF(ISNUMBER(J26),J26,0)))+IF(K26="X",10,IF(K26="M",0,IF(ISNUMBER(K26),K26,0))),"") | AQ26: =IF(B26<>"",IF(L26="X",10,IF(L26="M",0,IF(ISNUMBER(L26),L26,0)))+IF(M26="X",10,IF(M26="M",0,IF(ISNUMBER(M26),M26,0)))+IF(N26="X",10,IF(N26="M",0,IF(ISNUMBER(N26),N26,0)))+IF(O26="X",10,IF(O26="M",0,IF(ISNUMBER(O26),O26,0)))+IF(P26="X",10,IF(P26="M",0,IF(ISNUMBER(P26),P26,0)))+IF(Q26="X",10,IF(Q26="M",0,IF(ISNUMBER(Q26),Q26,0))),"") | AR26: =IF(B26<>"",IF(R26="X",10,IF(R26="M",0,IF(ISNUMBER(R26),R26,0)))+IF(S26="X",10,IF(S26="M",0,IF(ISNUMBER(S26),S26,0)))+IF(T26="X",10,IF(T26="M",0,IF(ISNUMBER(T26),T26,0)))+IF(U26="X",10,IF(U26="M",0,IF(ISNUMBER(U26),U26,0)))+IF(V26="X",10,IF(V26="M",0,IF(ISNUMBER(V26),V26,0)))+IF(W26="X",10,IF(W26="M",0,IF(ISNUMBER(W26),W26,0))),"") | AS26: =IF(B26<>"",IF(X26="X",10,IF(X26="M",0,IF(ISNUMBER(X26),X26,0)))+IF(Y26="X",10,IF(Y26="M",0,IF(ISNUMBER(Y26),Y26,0)))+IF(Z26="X",10,IF(Z26="M",0,IF(ISNUMBER(Z26),Z26,0)))+IF(AA26="X",10,IF(AA26="M",0,IF(ISNUMBER(AA26),AA26,0)))+IF(AB26="X",10,IF(AB26="M",0,IF(ISNUMBER(AB26),AB26,0)))+IF(AC26="X",10,IF(AC26="M",0,IF(ISNUMBER(AC26),AC26,0))),"") | AT26: =IF(B26<>"",IF(AD26="X",10,IF(AD26="M",0,IF(ISNUMBER(AD26),AD26,0)))+IF(AE26="X",10,IF(AE26="M",0,IF(ISNUMBER(AE26),AE26,0)))+IF(AF26="X",10,IF(AF26="M",0,IF(ISNUMBER(AF26),AF26,0)))+IF(AG26="X",10,IF(AG26="M",0,IF(ISNUMBER(AG26),AG26,0)))+IF(AH26="X",10,IF(AH26="M",0,IF(ISNUMBER(AH26),AH26,0)))+IF(AI26="X",10,IF(AI26="M",0,IF(ISNUMBER(AI26),AI26,0))),"") | AU26: =IF(B26<>"",IF(AJ26="X",10,IF(AJ26="M",0,IF(ISNUMBER(AJ26),AJ26,0)))+IF(AK26="X",10,IF(AK26="M",0,IF(ISNUMBER(AK26),AK26,0)))+IF(AL26="X",10,IF(AL26="M",0,IF(ISNUMBER(AL26),AL26,0)))+IF(AM26="X",10,IF(AM26="M",0,IF(ISNUMBER(AM26),AM26,0)))+IF(AN26="X",10,IF(AN26="M",0,IF(ISNUMBER(AN26),AN26,0)))+IF(AO26="X",10,IF(AO26="M",0,IF(ISNUMBER(AO26),AO26,0))),"") | AV26: =IF(B26<>"",AP26+AQ26+AR26+AS26+AT26+AU26,"") | AW26: =IF(B26<>"",IF(F26="X",1,0)+IF(G26="X",1,0)+IF(H26="X",1,0)+IF(I26="X",1,0)+IF(J26="X",1,0)+IF(K26="X",1,0)+IF(L26="X",1,0)+IF(M26="X",1,0)+IF(N26="X",1,0)+IF(O26="X",1,0)+IF(P26="X",1,0)+IF(Q26="X",1,0)+IF(R26="X",1,0)+IF(S26="X",1,0)+IF(T26="X",1,0)+IF(U26="X",1,0)+IF(V26="X",1,0)+IF(W26="X",1,0)+IF(X26="X",1,0)+IF(Y26="X",1,0)+IF(Z26="X",1,0)+IF(AA26="X",1,0)+IF(AB26="X",1,0)+IF(AC26="X",1,0)+IF(AD26="X",1,0)+IF(AE26="X",1,0)+IF(AF26="X",1,0)+IF(AG26="X",1,0)+IF(AH26="X",1,0)+IF(AI26="X",1,0)+IF(AJ26="X",1,0)+IF(AK26="X",1,0)+IF(AL26="X",1,0)+IF(AM26="X",1,0)+IF(AN26="X",1,0)+IF(AO26="X",1,0),"") | AX26: =IF(B26<>"",IF(OR(F26="X",F26=10),1,0)+IF(OR(G26="X",G26=10),1,0)+IF(OR(H26="X",H26=10),1,0)+IF(OR(I26="X",I26=10),1,0)+IF(OR(J26="X",J26=10),1,0)+IF(OR(K26="X",K26=10),1,0)+IF(OR(L26="X",L26=10),1,0)+IF(OR(M26="X",M26=10),1,0)+IF(OR(N26="X",N26=10),1,0)+IF(OR(O26="X",O26=10),1,0)+IF(OR(P26="X",P26=10),1,0)+IF(OR(Q26="X",Q26=10),1,0)+IF(OR(R26="X",R26=10),1,0)+IF(OR(S26="X",S26=10),1,0)+IF(OR(T26="X",T26=10),1,0)+IF(OR(U26="X",U26=10),1,0)+IF(OR(V26="X",V26=10),1,0)+IF(OR(W26="X",W26=10),1,0)+IF(OR(X26="X",X26=10),1,0)+IF(OR(Y26="X",Y26=10),1,0)+IF(OR(Z26="X",Z26=10),1,0)+IF(OR(AA26="X",AA26=10),1,0)+IF(OR(AB26="X",AB26=10),1,0)+IF(OR(AC26="X",AC26=10),1,0)+IF(OR(AD26="X",AD26=10),1,0)+IF(OR(AE26="X",AE26=10),1,0)+IF(OR(AF26="X",AF26=10),1,0)+IF(OR(AG26="X",AG26=10),1,0)+IF(OR(AH26="X",AH26=10),1,0)+IF(OR(AI26="X",AI26=10),1,0)+IF(OR(AJ26="X",AJ26=10),1,0)+IF(OR(AK26="X",AK26=10),1,0)+IF(OR(AL26="X",AL26=10),1,0)+IF(OR(AM26="X",AM26=10),1,0)+IF(OR(AN26="X",AN26=10),1,0)+IF(OR(AO26="X",AO26=10),1,0),"") | AY26: =IF(B26<>"",IF(F26=9,1,0)+IF(G26=9,1,0)+IF(H26=9,1,0)+IF(I26=9,1,0)+IF(J26=9,1,0)+IF(K26=9,1,0)+IF(L26=9,1,0)+IF(M26=9,1,0)+IF(N26=9,1,0)+IF(O26=9,1,0)+IF(P26=9,1,0)+IF(Q26=9,1,0)+IF(R26=9,1,0)+IF(S26=9,1,0)+IF(T26=9,1,0)+IF(U26=9,1,0)+IF(V26=9,1,0)+IF(W26=9,1,0)+IF(X26=9,1,0)+IF(Y26=9,1,0)+IF(Z26=9,1,0)+IF(AA26=9,1,0)+IF(AB26=9,1,0)+IF(AC26=9,1,0)+IF(AD26=9,1,0)+IF(AE26=9,1,0)+IF(AF26=9,1,0)+IF(AG26=9,1,0)+IF(AH26=9,1,0)+IF(AI26=9,1,0)+IF(AJ26=9,1,0)+IF(AK26=9,1,0)+IF(AL26=9,1,0)+IF(AM26=9,1,0)+IF(AN26=9,1,0)+IF(AO26=9,1,0),"") | AZ26: =IF(B26<>"",SUMPRODUCT(($AV$6:$AV$1000>AV26)*ISNUMBER($AV$6:$AV$1000))+1+SUMPRODUCT(($AV$6:$AV$1000=AV26)*($AW$6:$AW$1000>AW26)*ISNUMBER($AV$6:$AV$1000)*ISNUMBER($AW$6:$AW$1000))+SUMPRODUCT(($AV$6:$AV$1000=AV26)*($AW$6:$AW$1000=AW26)*($AX$6:$AX$1000>AX26)*ISNUMBER($AV$6:$AV$1000)*ISNUMBER($AX$6:$AX$1000))+SUMPRODUCT(($AV$6:$AV$1000=AV26)*($AW$6:$AW$1000=AW26)*($AX$6:$AX$1000=AX26)*($AY$6:$AY$1000>AY26)*ISNUMBER($AV$6:$AV$1000)*ISNUMBER($AY$6:$AY$1000)),"") | BB26: =IF(B26<>"",SUMPRODUCT(($AV$6:$AV$1000>AV26)*ISNUMBER($AV$6:$AV$1000))+1+SUMPRODUCT(($AV$6:$AV$1000=AV26)*($AW$6:$AW$1000>AW26)*ISNUMBER($AV$6:$AV$1000)*ISNUMBER($AW$6:$AW$1000))+SUMPRODUCT(($AV$6:$AV$1000=AV26)*($AW$6:$AW$1000=AW26)*($AX$6:$AX$1000>AX26)*ISNUMBER($AV$6:$AV$1000)*ISNUMBER($AX$6:$AX$1000))+SUMPRODUCT(($AV$6:$AV$1000=AV26)*($AW$6:$AW$1000=AW26)*($AX$6:$AX$1000=AX26)*($AY$6:$AY$1000>AY26)*ISNUMBER($AV$6:$AV$1000)*ISNUMBER($AY$6:$AY$1000))+SUMPRODUCT(($AV$6:$AV$1000=AV26)*($AW$6:$AW$1000=AW26)*($AX$6:$AX$1000=AX26)*($AY$6:$AY$1000=AY26)*($BA$6:$BA$1000>BA26)*ISNUMBER($AV$6:$AV$1000)*ISNUMBER($BA$6:$BA$1000)),"")
A27: =IF(B27<>"",COUNTA($B$6:B27),"") | E27: =IF(B27="","",IF(COUNTA($B$6:$B$69)<=(E5-D5+1),(D5+MOD(A27-1,(E5-D5+1))),(D5+MOD(A27-1,(E5-D5+1)))&CHAR(65+FLOOR((A27-1)/(E5-D5+1),1)))) | AP27: =IF(B27<>"",IF(F27="X",10,IF(F27="M",0,IF(ISNUMBER(F27),F27,0)))+IF(G27="X",10,IF(G27="M",0,IF(ISNUMBER(G27),G27,0)))+IF(H27="X",10,IF(H27="M",0,IF(ISNUMBER(H27),H27,0)))+IF(I27="X",10,IF(I27="M",0,IF(ISNUMBER(I27),I27,0)))+IF(J27="X",10,IF(J27="M",0,IF(ISNUMBER(J27),J27,0)))+IF(K27="X",10,IF(K27="M",0,IF(ISNUMBER(K27),K27,0))),"") | AQ27: =IF(B27<>"",IF(L27="X",10,IF(L27="M",0,IF(ISNUMBER(L27),L27,0)))+IF(M27="X",10,IF(M27="M",0,IF(ISNUMBER(M27),M27,0)))+IF(N27="X",10,IF(N27="M",0,IF(ISNUMBER(N27),N27,0)))+IF(O27="X",10,IF(O27="M",0,IF(ISNUMBER(O27),O27,0)))+IF(P27="X",10,IF(P27="M",0,IF(ISNUMBER(P27),P27,0)))+IF(Q27="X",10,IF(Q27="M",0,IF(ISNUMBER(Q27),Q27,0))),"") | AR27: =IF(B27<>"",IF(R27="X",10,IF(R27="M",0,IF(ISNUMBER(R27),R27,0)))+IF(S27="X",10,IF(S27="M",0,IF(ISNUMBER(S27),S27,0)))+IF(T27="X",10,IF(T27="M",0,IF(ISNUMBER(T27),T27,0)))+IF(U27="X",10,IF(U27="M",0,IF(ISNUMBER(U27),U27,0)))+IF(V27="X",10,IF(V27="M",0,IF(ISNUMBER(V27),V27,0)))+IF(W27="X",10,IF(W27="M",0,IF(ISNUMBER(W27),W27,0))),"") | AS27: =IF(B27<>"",IF(X27="X",10,IF(X27="M",0,IF(ISNUMBER(X27),X27,0)))+IF(Y27="X",10,IF(Y27="M",0,IF(ISNUMBER(Y27),Y27,0)))+IF(Z27="X",10,IF(Z27="M",0,IF(ISNUMBER(Z27),Z27,0)))+IF(AA27="X",10,IF(AA27="M",0,IF(ISNUMBER(AA27),AA27,0)))+IF(AB27="X",10,IF(AB27="M",0,IF(ISNUMBER(AB27),AB27,0)))+IF(AC27="X",10,IF(AC27="M",0,IF(ISNUMBER(AC27),AC27,0))),"") | AT27: =IF(B27<>"",IF(AD27="X",10,IF(AD27="M",0,IF(ISNUMBER(AD27),AD27,0)))+IF(AE27="X",10,IF(AE27="M",0,IF(ISNUMBER(AE27),AE27,0)))+IF(AF27="X",10,IF(AF27="M",0,IF(ISNUMBER(AF27),AF27,0)))+IF(AG27="X",10,IF(AG27="M",0,IF(ISNUMBER(AG27),AG27,0)))+IF(AH27="X",10,IF(AH27="M",0,IF(ISNUMBER(AH27),AH27,0)))+IF(AI27="X",10,IF(AI27="M",0,IF(ISNUMBER(AI27),AI27,0))),"") | AU27: =IF(B27<>"",IF(AJ27="X",10,IF(AJ27="M",0,IF(ISNUMBER(AJ27),AJ27,0)))+IF(AK27="X",10,IF(AK27="M",0,IF(ISNUMBER(AK27),AK27,0)))+IF(AL27="X",10,IF(AL27="M",0,IF(ISNUMBER(AL27),AL27,0)))+IF(AM27="X",10,IF(AM27="M",0,IF(ISNUMBER(AM27),AM27,0)))+IF(AN27="X",10,IF(AN27="M",0,IF(ISNUMBER(AN27),AN27,0)))+IF(AO27="X",10,IF(AO27="M",0,IF(ISNUMBER(AO27),AO27,0))),"") | AV27: =IF(B27<>"",AP27+AQ27+AR27+AS27+AT27+AU27,"") | AW27: =IF(B27<>"",IF(F27="X",1,0)+IF(G27="X",1,0)+IF(H27="X",1,0)+IF(I27="X",1,0)+IF(J27="X",1,0)+IF(K27="X",1,0)+IF(L27="X",1,0)+IF(M27="X",1,0)+IF(N27="X",1,0)+IF(O27="X",1,0)+IF(P27="X",1,0)+IF(Q27="X",1,0)+IF(R27="X",1,0)+IF(S27="X",1,0)+IF(T27="X",1,0)+IF(U27="X",1,0)+IF(V27="X",1,0)+IF(W27="X",1,0)+IF(X27="X",1,0)+IF(Y27="X",1,0)+IF(Z27="X",1,0)+IF(AA27="X",1,0)+IF(AB27="X",1,0)+IF(AC27="X",1,0)+IF(AD27="X",1,0)+IF(AE27="X",1,0)+IF(AF27="X",1,0)+IF(AG27="X",1,0)+IF(AH27="X",1,0)+IF(AI27="X",1,0)+IF(AJ27="X",1,0)+IF(AK27="X",1,0)+IF(AL27="X",1,0)+IF(AM27="X",1,0)+IF(AN27="X",1,0)+IF(AO27="X",1,0),"") | AX27: =IF(B27<>"",IF(OR(F27="X",F27=10),1,0)+IF(OR(G27="X",G27=10),1,0)+IF(OR(H27="X",H27=10),1,0)+IF(OR(I27="X",I27=10),1,0)+IF(OR(J27="X",J27=10),1,0)+IF(OR(K27="X",K27=10),1,0)+IF(OR(L27="X",L27=10),1,0)+IF(OR(M27="X",M27=10),1,0)+IF(OR(N27="X",N27=10),1,0)+IF(OR(O27="X",O27=10),1,0)+IF(OR(P27="X",P27=10),1,0)+IF(OR(Q27="X",Q27=10),1,0)+IF(OR(R27="X",R27=10),1,0)+IF(OR(S27="X",S27=10),1,0)+IF(OR(T27="X",T27=10),1,0)+IF(OR(U27="X",U27=10),1,0)+IF(OR(V27="X",V27=10),1,0)+IF(OR(W27="X",W27=10),1,0)+IF(OR(X27="X",X27=10),1,0)+IF(OR(Y27="X",Y27=10),1,0)+IF(OR(Z27="X",Z27=10),1,0)+IF(OR(AA27="X",AA27=10),1,0)+IF(OR(AB27="X",AB27=10),1,0)+IF(OR(AC27="X",AC27=10),1,0)+IF(OR(AD27="X",AD27=10),1,0)+IF(OR(AE27="X",AE27=10),1,0)+IF(OR(AF27="X",AF27=10),1,0)+IF(OR(AG27="X",AG27=10),1,0)+IF(OR(AH27="X",AH27=10),1,0)+IF(OR(AI27="X",AI27=10),1,0)+IF(OR(AJ27="X",AJ27=10),1,0)+IF(OR(AK27="X",AK27=10),1,0)+IF(OR(AL27="X",AL27=10),1,0)+IF(OR(AM27="X",AM27=10),1,0)+IF(OR(AN27="X",AN27=10),1,0)+IF(OR(AO27="X",AO27=10),1,0),"") | AY27: =IF(B27<>"",IF(F27=9,1,0)+IF(G27=9,1,0)+IF(H27=9,1,0)+IF(I27=9,1,0)+IF(J27=9,1,0)+IF(K27=9,1,0)+IF(L27=9,1,0)+IF(M27=9,1,0)+IF(N27=9,1,0)+IF(O27=9,1,0)+IF(P27=9,1,0)+IF(Q27=9,1,0)+IF(R27=9,1,0)+IF(S27=9,1,0)+IF(T27=9,1,0)+IF(U27=9,1,0)+IF(V27=9,1,0)+IF(W27=9,1,0)+IF(X27=9,1,0)+IF(Y27=9,1,0)+IF(Z27=9,1,0)+IF(AA27=9,1,0)+IF(AB27=9,1,0)+IF(AC27=9,1,0)+IF(AD27=9,1,0)+IF(AE27=9,1,0)+IF(AF27=9,1,0)+IF(AG27=9,1,0)+IF(AH27=9,1,0)+IF(AI27=9,1,0)+IF(AJ27=9,1,0)+IF(AK27=9,1,0)+IF(AL27=9,1,0)+IF(AM27=9,1,0)+IF(AN27=9,1,0)+IF(AO27=9,1,0),"") | AZ27: =IF(B27<>"",SUMPRODUCT(($AV$6:$AV$1000>AV27)*ISNUMBER($AV$6:$AV$1000))+1+SUMPRODUCT(($AV$6:$AV$1000=AV27)*($AW$6:$AW$1000>AW27)*ISNUMBER($AV$6:$AV$1000)*ISNUMBER($AW$6:$AW$1000))+SUMPRODUCT(($AV$6:$AV$1000=AV27)*($AW$6:$AW$1000=AW27)*($AX$6:$AX$1000>AX27)*ISNUMBER($AV$6:$AV$1000)*ISNUMBER($AX$6:$AX$1000))+SUMPRODUCT(($AV$6:$AV$1000=AV27)*($AW$6:$AW$1000=AW27)*($AX$6:$AX$1000=AX27)*($AY$6:$AY$1000>AY27)*ISNUMBER($AV$6:$AV$1000)*ISNUMBER($AY$6:$AY$1000)),"") | BB27: =IF(B27<>"",SUMPRODUCT(($AV$6:$AV$1000>AV27)*ISNUMBER($AV$6:$AV$1000))+1+SUMPRODUCT(($AV$6:$AV$1000=AV27)*($AW$6:$AW$1000>AW27)*ISNUMBER($AV$6:$AV$1000)*ISNUMBER($AW$6:$AW$1000))+SUMPRODUCT(($AV$6:$AV$1000=AV27)*($AW$6:$AW$1000=AW27)*($AX$6:$AX$1000>AX27)*ISNUMBER($AV$6:$AV$1000)*ISNUMBER($AX$6:$AX$1000))+SUMPRODUCT(($AV$6:$AV$1000=AV27)*($AW$6:$AW$1000=AW27)*($AX$6:$AX$1000=AX27)*($AY$6:$AY$1000>AY27)*ISNUMBER($AV$6:$AV$1000)*ISNUMBER($AY$6:$AY$1000))+SUMPRODUCT(($AV$6:$AV$1000=AV27)*($AW$6:$AW$1000=AW27)*($AX$6:$AX$1000=AX27)*($AY$6:$AY$1000=AY27)*($BA$6:$BA$1000>BA27)*ISNUMBER($AV$6:$AV$1000)*ISNUMBER($BA$6:$BA$1000)),"")
A28: =IF(B28<>"",COUNTA($B$6:B28),"") | E28: =IF(B28="","",IF(COUNTA($B$6:$B$69)<=(E5-D5+1),(D5+MOD(A28-1,(E5-D5+1))),(D5+MOD(A28-1,(E5-D5+1)))&CHAR(65+FLOOR((A28-1)/(E5-D5+1),1)))) | AP28: =IF(B28<>"",IF(F28="X",10,IF(F28="M",0,IF(ISNUMBER(F28),F28,0)))+IF(G28="X",10,IF(G28="M",0,IF(ISNUMBER(G28),G28,0)))+IF(H28="X",10,IF(H28="M",0,IF(ISNUMBER(H28),H28,0)))+IF(I28="X",10,IF(I28="M",0,IF(ISNUMBER(I28),I28,0)))+IF(J28="X",10,IF(J28="M",0,IF(ISNUMBER(J28),J28,0)))+IF(K28="X",10,IF(K28="M",0,IF(ISNUMBER(K28),K28,0))),"") | AQ28: =IF(B28<>"",IF(L28="X",10,IF(L28="M",0,IF(ISNUMBER(L28),L28,0)))+IF(M28="X",10,IF(M28="M",0,IF(ISNUMBER(M28),M28,0)))+IF(N28="X",10,IF(N28="M",0,IF(ISNUMBER(N28),N28,0)))+IF(O28="X",10,IF(O28="M",0,IF(ISNUMBER(O28),O28,0)))+IF(P28="X",10,IF(P28="M",0,IF(ISNUMBER(P28),P28,0)))+IF(Q28="X",10,IF(Q28="M",0,IF(ISNUMBER(Q28),Q28,0))),"") | AR28: =IF(B28<>"",IF(R28="X",10,IF(R28="M",0,IF(ISNUMBER(R28),R28,0)))+IF(S28="X",10,IF(S28="M",0,IF(ISNUMBER(S28),S28,0)))+IF(T28="X",10,IF(T28="M",0,IF(ISNUMBER(T28),T28,0)))+IF(U28="X",10,IF(U28="M",0,IF(ISNUMBER(U28),U28,0)))+IF(V28="X",10,IF(V28="M",0,IF(ISNUMBER(V28),V28,0)))+IF(W28="X",10,IF(W28="M",0,IF(ISNUMBER(W28),W28,0))),"") | AS28: =IF(B28<>"",IF(X28="X",10,IF(X28="M",0,IF(ISNUMBER(X28),X28,0)))+IF(Y28="X",10,IF(Y28="M",0,IF(ISNUMBER(Y28),Y28,0)))+IF(Z28="X",10,IF(Z28="M",0,IF(ISNUMBER(Z28),Z28,0)))+IF(AA28="X",10,IF(AA28="M",0,IF(ISNUMBER(AA28),AA28,0)))+IF(AB28="X",10,IF(AB28="M",0,IF(ISNUMBER(AB28),AB28,0)))+IF(AC28="X",10,IF(AC28="M",0,IF(ISNUMBER(AC28),AC28,0))),"") | AT28: =IF(B28<>"",IF(AD28="X",10,IF(AD28="M",0,IF(ISNUMBER(AD28),AD28,0)))+IF(AE28="X",10,IF(AE28="M",0,IF(ISNUMBER(AE28),AE28,0)))+IF(AF28="X",10,IF(AF28="M",0,IF(ISNUMBER(AF28),AF28,0)))+IF(AG28="X",10,IF(AG28="M",0,IF(ISNUMBER(AG28),AG28,0)))+IF(AH28="X",10,IF(AH28="M",0,IF(ISNUMBER(AH28),AH28,0)))+IF(AI28="X",10,IF(AI28="M",0,IF(ISNUMBER(AI28),AI28,0))),"") | AU28: =IF(B28<>"",IF(AJ28="X",10,IF(AJ28="M",0,IF(ISNUMBER(AJ28),AJ28,0)))+IF(AK28="X",10,IF(AK28="M",0,IF(ISNUMBER(AK28),AK28,0)))+IF(AL28="X",10,IF(AL28="M",0,IF(ISNUMBER(AL28),AL28,0)))+IF(AM28="X",10,IF(AM28="M",0,IF(ISNUMBER(AM28),AM28,0)))+IF(AN28="X",10,IF(AN28="M",0,IF(ISNUMBER(AN28),AN28,0)))+IF(AO28="X",10,IF(AO28="M",0,IF(ISNUMBER(AO28),AO28,0))),"") | AV28: =IF(B28<>"",AP28+AQ28+AR28+AS28+AT28+AU28,"") | AW28: =IF(B28<>"",IF(F28="X",1,0)+IF(G28="X",1,0)+IF(H28="X",1,0)+IF(I28="X",1,0)+IF(J28="X",1,0)+IF(K28="X",1,0)+IF(L28="X",1,0)+IF(M28="X",1,0)+IF(N28="X",1,0)+IF(O28="X",1,0)+IF(P28="X",1,0)+IF(Q28="X",1,0)+IF(R28="X",1,0)+IF(S28="X",1,0)+IF(T28="X",1,0)+IF(U28="X",1,0)+IF(V28="X",1,0)+IF(W28="X",1,0)+IF(X28="X",1,0)+IF(Y28="X",1,0)+IF(Z28="X",1,0)+IF(AA28="X",1,0)+IF(AB28="X",1,0)+IF(AC28="X",1,0)+IF(AD28="X",1,0)+IF(AE28="X",1,0)+IF(AF28="X",1,0)+IF(AG28="X",1,0)+IF(AH28="X",1,0)+IF(AI28="X",1,0)+IF(AJ28="X",1,0)+IF(AK28="X",1,0)+IF(AL28="X",1,0)+IF(AM28="X",1,0)+IF(AN28="X",1,0)+IF(AO28="X",1,0),"") | AX28: =IF(B28<>"",IF(OR(F28="X",F28=10),1,0)+IF(OR(G28="X",G28=10),1,0)+IF(OR(H28="X",H28=10),1,0)+IF(OR(I28="X",I28=10),1,0)+IF(OR(J28="X",J28=10),1,0)+IF(OR(K28="X",K28=10),1,0)+IF(OR(L28="X",L28=10),1,0)+IF(OR(M28="X",M28=10),1,0)+IF(OR(N28="X",N28=10),1,0)+IF(OR(O28="X",O28=10),1,0)+IF(OR(P28="X",P28=10),1,0)+IF(OR(Q28="X",Q28=10),1,0)+IF(OR(R28="X",R28=10),1,0)+IF(OR(S28="X",S28=10),1,0)+IF(OR(T28="X",T28=10),1,0)+IF(OR(U28="X",U28=10),1,0)+IF(OR(V28="X",V28=10),1,0)+IF(OR(W28="X",W28=10),1,0)+IF(OR(X28="X",X28=10),1,0)+IF(OR(Y28="X",Y28=10),1,0)+IF(OR(Z28="X",Z28=10),1,0)+IF(OR(AA28="X",AA28=10),1,0)+IF(OR(AB28="X",AB28=10),1,0)+IF(OR(AC28="X",AC28=10),1,0)+IF(OR(AD28="X",AD28=10),1,0)+IF(OR(AE28="X",AE28=10),1,0)+IF(OR(AF28="X",AF28=10),1,0)+IF(OR(AG28="X",AG28=10),1,0)+IF(OR(AH28="X",AH28=10),1,0)+IF(OR(AI28="X",AI28=10),1,0)+IF(OR(AJ28="X",AJ28=10),1,0)+IF(OR(AK28="X",AK28=10),1,0)+IF(OR(AL28="X",AL28=10),1,0)+IF(OR(AM28="X",AM28=10),1,0)+IF(OR(AN28="X",AN28=10),1,0)+IF(OR(AO28="X",AO28=10),1,0),"") | AY28: =IF(B28<>"",IF(F28=9,1,0)+IF(G28=9,1,0)+IF(H28=9,1,0)+IF(I28=9,1,0)+IF(J28=9,1,0)+IF(K28=9,1,0)+IF(L28=9,1,0)+IF(M28=9,1,0)+IF(N28=9,1,0)+IF(O28=9,1,0)+IF(P28=9,1,0)+IF(Q28=9,1,0)+IF(R28=9,1,0)+IF(S28=9,1,0)+IF(T28=9,1,0)+IF(U28=9,1,0)+IF(V28=9,1,0)+IF(W28=9,1,0)+IF(X28=9,1,0)+IF(Y28=9,1,0)+IF(Z28=9,1,0)+IF(AA28=9,1,0)+IF(AB28=9,1,0)+IF(AC28=9,1,0)+IF(AD28=9,1,0)+IF(AE28=9,1,0)+IF(AF28=9,1,0)+IF(AG28=9,1,0)+IF(AH28=9,1,0)+IF(AI28=9,1,0)+IF(AJ28=9,1,0)+IF(AK28=9,1,0)+IF(AL28=9,1,0)+IF(AM28=9,1,0)+IF(AN28=9,1,0)+IF(AO28=9,1,0),"") | AZ28: =IF(B28<>"",SUMPRODUCT(($AV$6:$AV$1000>AV28)*ISNUMBER($AV$6:$AV$1000))+1+SUMPRODUCT(($AV$6:$AV$1000=AV28)*($AW$6:$AW$1000>AW28)*ISNUMBER($AV$6:$AV$1000)*ISNUMBER($AW$6:$AW$1000))+SUMPRODUCT(($AV$6:$AV$1000=AV28)*($AW$6:$AW$1000=AW28)*($AX$6:$AX$1000>AX28)*ISNUMBER($AV$6:$AV$1000)*ISNUMBER($AX$6:$AX$1000))+SUMPRODUCT(($AV$6:$AV$1000=AV28)*($AW$6:$AW$1000=AW28)*($AX$6:$AX$1000=AX28)*($AY$6:$AY$1000>AY28)*ISNUMBER($AV$6:$AV$1000)*ISNUMBER($AY$6:$AY$1000)),"") | BB28: =IF(B28<>"",SUMPRODUCT(($AV$6:$AV$1000>AV28)*ISNUMBER($AV$6:$AV$1000))+1+SUMPRODUCT(($AV$6:$AV$1000=AV28)*($AW$6:$AW$1000>AW28)*ISNUMBER($AV$6:$AV$1000)*ISNUMBER($AW$6:$AW$1000))+SUMPRODUCT(($AV$6:$AV$1000=AV28)*($AW$6:$AW$1000=AW28)*($AX$6:$AX$1000>AX28)*ISNUMBER($AV$6:$AV$1000)*ISNUMBER($AX$6:$AX$1000))+SUMPRODUCT(($AV$6:$AV$1000=AV28)*($AW$6:$AW$1000=AW28)*($AX$6:$AX$1000=AX28)*($AY$6:$AY$1000>AY28)*ISNUMBER($AV$6:$AV$1000)*ISNUMBER($AY$6:$AY$1000))+SUMPRODUCT(($AV$6:$AV$1000=AV28)*($AW$6:$AW$1000=AW28)*($AX$6:$AX$1000=AX28)*($AY$6:$AY$1000=AY28)*($BA$6:$BA$1000>BA28)*ISNUMBER($AV$6:$AV$1000)*ISNUMBER($BA$6:$BA$1000)),"")
A29: =IF(B29<>"",COUNTA($B$6:B29),"") | E29: =IF(B29="","",IF(COUNTA($B$6:$B$69)<=(E5-D5+1),(D5+MOD(A29-1,(E5-D5+1))),(D5+MOD(A29-1,(E5-D5+1)))&CHAR(65+FLOOR((A29-1)/(E5-D5+1),1)))) | AP29: =IF(B29<>"",IF(F29="X",10,IF(F29="M",0,IF(ISNUMBER(F29),F29,0)))+IF(G29="X",10,IF(G29="M",0,IF(ISNUMBER(G29),G29,0)))+IF(H29="X",10,IF(H29="M",0,IF(ISNUMBER(H29),H29,0)))+IF(I29="X",10,IF(I29="M",0,IF(ISNUMBER(I29),I29,0)))+IF(J29="X",10,IF(J29="M",0,IF(ISNUMBER(J29),J29,0)))+IF(K29="X",10,IF(K29="M",0,IF(ISNUMBER(K29),K29,0))),"") | AQ29: =IF(B29<>"",IF(L29="X",10,IF(L29="M",0,IF(ISNUMBER(L29),L29,0)))+IF(M29="X",10,IF(M29="M",0,IF(ISNUMBER(M29),M29,0)))+IF(N29="X",10,IF(N29="M",0,IF(ISNUMBER(N29),N29,0)))+IF(O29="X",10,IF(O29="M",0,IF(ISNUMBER(O29),O29,0)))+IF(P29="X",10,IF(P29="M",0,IF(ISNUMBER(P29),P29,0)))+IF(Q29="X",10,IF(Q29="M",0,IF(ISNUMBER(Q29),Q29,0))),"") | AR29: =IF(B29<>"",IF(R29="X",10,IF(R29="M",0,IF(ISNUMBER(R29),R29,0)))+IF(S29="X",10,IF(S29="M",0,IF(ISNUMBER(S29),S29,0)))+IF(T29="X",10,IF(T29="M",0,IF(ISNUMBER(T29),T29,0)))+IF(U29="X",10,IF(U29="M",0,IF(ISNUMBER(U29),U29,0)))+IF(V29="X",10,IF(V29="M",0,IF(ISNUMBER(V29),V29,0)))+IF(W29="X",10,IF(W29="M",0,IF(ISNUMBER(W29),W29,0))),"") | AS29: =IF(B29<>"",IF(X29="X",10,IF(X29="M",0,IF(ISNUMBER(X29),X29,0)))+IF(Y29="X",10,IF(Y29="M",0,IF(ISNUMBER(Y29),Y29,0)))+IF(Z29="X",10,IF(Z29="M",0,IF(ISNUMBER(Z29),Z29,0)))+IF(AA29="X",10,IF(AA29="M",0,IF(ISNUMBER(AA29),AA29,0)))+IF(AB29="X",10,IF(AB29="M",0,IF(ISNUMBER(AB29),AB29,0)))+IF(AC29="X",10,IF(AC29="M",0,IF(ISNUMBER(AC29),AC29,0))),"") | AT29: =IF(B29<>"",IF(AD29="X",10,IF(AD29="M",0,IF(ISNUMBER(AD29),AD29,0)))+IF(AE29="X",10,IF(AE29="M",0,IF(ISNUMBER(AE29),AE29,0)))+IF(AF29="X",10,IF(AF29="M",0,IF(ISNUMBER(AF29),AF29,0)))+IF(AG29="X",10,IF(AG29="M",0,IF(ISNUMBER(AG29),AG29,0)))+IF(AH29="X",10,IF(AH29="M",0,IF(ISNUMBER(AH29),AH29,0)))+IF(AI29="X",10,IF(AI29="M",0,IF(ISNUMBER(AI29),AI29,0))),"") | AU29: =IF(B29<>"",IF(AJ29="X",10,IF(AJ29="M",0,IF(ISNUMBER(AJ29),AJ29,0)))+IF(AK29="X",10,IF(AK29="M",0,IF(ISNUMBER(AK29),AK29,0)))+IF(AL29="X",10,IF(AL29="M",0,IF(ISNUMBER(AL29),AL29,0)))+IF(AM29="X",10,IF(AM29="M",0,IF(ISNUMBER(AM29),AM29,0)))+IF(AN29="X",10,IF(AN29="M",0,IF(ISNUMBER(AN29),AN29,0)))+IF(AO29="X",10,IF(AO29="M",0,IF(ISNUMBER(AO29),AO29,0))),"") | AV29: =IF(B29<>"",AP29+AQ29+AR29+AS29+AT29+AU29,"") | AW29: =IF(B29<>"",IF(F29="X",1,0)+IF(G29="X",1,0)+IF(H29="X",1,0)+IF(I29="X",1,0)+IF(J29="X",1,0)+IF(K29="X",1,0)+IF(L29="X",1,0)+IF(M29="X",1,0)+IF(N29="X",1,0)+IF(O29="X",1,0)+IF(P29="X",1,0)+IF(Q29="X",1,0)+IF(R29="X",1,0)+IF(S29="X",1,0)+IF(T29="X",1,0)+IF(U29="X",1,0)+IF(V29="X",1,0)+IF(W29="X",1,0)+IF(X29="X",1,0)+IF(Y29="X",1,0)+IF(Z29="X",1,0)+IF(AA29="X",1,0)+IF(AB29="X",1,0)+IF(AC29="X",1,0)+IF(AD29="X",1,0)+IF(AE29="X",1,0)+IF(AF29="X",1,0)+IF(AG29="X",1,0)+IF(AH29="X",1,0)+IF(AI29="X",1,0)+IF(AJ29="X",1,0)+IF(AK29="X",1,0)+IF(AL29="X",1,0)+IF(AM29="X",1,0)+IF(AN29="X",1,0)+IF(AO29="X",1,0),"") | AX29: =IF(B29<>"",IF(OR(F29="X",F29=10),1,0)+IF(OR(G29="X",G29=10),1,0)+IF(OR(H29="X",H29=10),1,0)+IF(OR(I29="X",I29=10),1,0)+IF(OR(J29="X",J29=10),1,0)+IF(OR(K29="X",K29=10),1,0)+IF(OR(L29="X",L29=10),1,0)+IF(OR(M29="X",M29=10),1,0)+IF(OR(N29="X",N29=10),1,0)+IF(OR(O29="X",O29=10),1,0)+IF(OR(P29="X",P29=10),1,0)+IF(OR(Q29="X",Q29=10),1,0)+IF(OR(R29="X",R29=10),1,0)+IF(OR(S29="X",S29=10),1,0)+IF(OR(T29="X",T29=10),1,0)+IF(OR(U29="X",U29=10),1,0)+IF(OR(V29="X",V29=10),1,0)+IF(OR(W29="X",W29=10),1,0)+IF(OR(X29="X",X29=10),1,0)+IF(OR(Y29="X",Y29=10),1,0)+IF(OR(Z29="X",Z29=10),1,0)+IF(OR(AA29="X",AA29=10),1,0)+IF(OR(AB29="X",AB29=10),1,0)+IF(OR(AC29="X",AC29=10),1,0)+IF(OR(AD29="X",AD29=10),1,0)+IF(OR(AE29="X",AE29=10),1,0)+IF(OR(AF29="X",AF29=10),1,0)+IF(OR(AG29="X",AG29=10),1,0)+IF(OR(AH29="X",AH29=10),1,0)+IF(OR(AI29="X",AI29=10),1,0)+IF(OR(AJ29="X",AJ29=10),1,0)+IF(OR(AK29="X",AK29=10),1,0)+IF(OR(AL29="X",AL29=10),1,0)+IF(OR(AM29="X",AM29=10),1,0)+IF(OR(AN29="X",AN29=10),1,0)+IF(OR(AO29="X",AO29=10),1,0),"") | AY29: =IF(B29<>"",IF(F29=9,1,0)+IF(G29=9,1,0)+IF(H29=9,1,0)+IF(I29=9,1,0)+IF(J29=9,1,0)+IF(K29=9,1,0)+IF(L29=9,1,0)+IF(M29=9,1,0)+IF(N29=9,1,0)+IF(O29=9,1,0)+IF(P29=9,1,0)+IF(Q29=9,1,0)+IF(R29=9,1,0)+IF(S29=9,1,0)+IF(T29=9,1,0)+IF(U29=9,1,0)+IF(V29=9,1,0)+IF(W29=9,1,0)+IF(X29=9,1,0)+IF(Y29=9,1,0)+IF(Z29=9,1,0)+IF(AA29=9,1,0)+IF(AB29=9,1,0)+IF(AC29=9,1,0)+IF(AD29=9,1,0)+IF(AE29=9,1,0)+IF(AF29=9,1,0)+IF(AG29=9,1,0)+IF(AH29=9,1,0)+IF(AI29=9,1,0)+IF(AJ29=9,1,0)+IF(AK29=9,1,0)+IF(AL29=9,1,0)+IF(AM29=9,1,0)+IF(AN29=9,1,0)+IF(AO29=9,1,0),"") | AZ29: =IF(B29<>"",SUMPRODUCT(($AV$6:$AV$1000>AV29)*ISNUMBER($AV$6:$AV$1000))+1+SUMPRODUCT(($AV$6:$AV$1000=AV29)*($AW$6:$AW$1000>AW29)*ISNUMBER($AV$6:$AV$1000)*ISNUMBER($AW$6:$AW$1000))+SUMPRODUCT(($AV$6:$AV$1000=AV29)*($AW$6:$AW$1000=AW29)*($AX$6:$AX$1000>AX29)*ISNUMBER($AV$6:$AV$1000)*ISNUMBER($AX$6:$AX$1000))+SUMPRODUCT(($AV$6:$AV$1000=AV29)*($AW$6:$AW$1000=AW29)*($AX$6:$AX$1000=AX29)*($AY$6:$AY$1000>AY29)*ISNUMBER($AV$6:$AV$1000)*ISNUMBER($AY$6:$AY$1000)),"") | BB29: =IF(B29<>"",SUMPRODUCT(($AV$6:$AV$1000>AV29)*ISNUMBER($AV$6:$AV$1000))+1+SUMPRODUCT(($AV$6:$AV$1000=AV29)*($AW$6:$AW$1000>AW29)*ISNUMBER($AV$6:$AV$1000)*ISNUMBER($AW$6:$AW$1000))+SUMPRODUCT(($AV$6:$AV$1000=AV29)*($AW$6:$AW$1000=AW29)*($AX$6:$AX$1000>AX29)*ISNUMBER($AV$6:$AV$1000)*ISNUMBER($AX$6:$AX$1000))+SUMPRODUCT(($AV$6:$AV$1000=AV29)*($AW$6:$AW$1000=AW29)*($AX$6:$AX$1000=AX29)*($AY$6:$AY$1000>AY29)*ISNUMBER($AV$6:$AV$1000)*ISNUMBER($AY$6:$AY$1000))+SUMPRODUCT(($AV$6:$AV$1000=AV29)*($AW$6:$AW$1000=AW29)*($AX$6:$AX$1000=AX29)*($AY$6:$AY$1000=AY29)*($BA$6:$BA$1000>BA29)*ISNUMBER($AV$6:$AV$1000)*ISNUMBER($BA$6:$BA$1000)),"")
A30: =IF(B30<>"",COUNTA($B$6:B30),"") | E30: =IF(B30="","",IF(COUNTA($B$6:$B$69)<=(E5-D5+1),(D5+MOD(A30-1,(E5-D5+1))),(D5+MOD(A30-1,(E5-D5+1)))&CHAR(65+FLOOR((A30-1)/(E5-D5+1),1)))) | AP30: =IF(B30<>"",IF(F30="X",10,IF(F30="M",0,IF(ISNUMBER(F30),F30,0)))+IF(G30="X",10,IF(G30="M",0,IF(ISNUMBER(G30),G30,0)))+IF(H30="X",10,IF(H30="M",0,IF(ISNUMBER(H30),H30,0)))+IF(I30="X",10,IF(I30="M",0,IF(ISNUMBER(I30),I30,0)))+IF(J30="X",10,IF(J30="M",0,IF(ISNUMBER(J30),J30,0)))+IF(K30="X",10,IF(K30="M",0,IF(ISNUMBER(K30),K30,0))),"") | AQ30: =IF(B30<>"",IF(L30="X",10,IF(L30="M",0,IF(ISNUMBER(L30),L30,0)))+IF(M30="X",10,IF(M30="M",0,IF(ISNUMBER(M30),M30,0)))+IF(N30="X",10,IF(N30="M",0,IF(ISNUMBER(N30),N30,0)))+IF(O30="X",10,IF(O30="M",0,IF(ISNUMBER(O30),O30,0)))+IF(P30="X",10,IF(P30="M",0,IF(ISNUMBER(P30),P30,0)))+IF(Q30="X",10,IF(Q30="M",0,IF(ISNUMBER(Q30),Q30,0))),"") | AR30: =IF(B30<>"",IF(R30="X",10,IF(R30="M",0,IF(ISNUMBER(R30),R30,0)))+IF(S30="X",10,IF(S30="M",0,IF(ISNUMBER(S30),S30,0)))+IF(T30="X",10,IF(T30="M",0,IF(ISNUMBER(T30),T30,0)))+IF(U30="X",10,IF(U30="M",0,IF(ISNUMBER(U30),U30,0)))+IF(V30="X",10,IF(V30="M",0,IF(ISNUMBER(V30),V30,0)))+IF(W30="X",10,IF(W30="M",0,IF(ISNUMBER(W30),W30,0))),"") | AS30: =IF(B30<>"",IF(X30="X",10,IF(X30="M",0,IF(ISNUMBER(X30),X30,0)))+IF(Y30="X",10,IF(Y30="M",0,IF(ISNUMBER(Y30),Y30,0)))+IF(Z30="X",10,IF(Z30="M",0,IF(ISNUMBER(Z30),Z30,0)))+IF(AA30="X",10,IF(AA30="M",0,IF(ISNUMBER(AA30),AA30,0)))+IF(AB30="X",10,IF(AB30="M",0,IF(ISNUMBER(AB30),AB30,0)))+IF(AC30="X",10,IF(AC30="M",0,IF(ISNUMBER(AC30),AC30,0))),"") | AT30: =IF(B30<>"",IF(AD30="X",10,IF(AD30="M",0,IF(ISNUMBER(AD30),AD30,0)))+IF(AE30="X",10,IF(AE30="M",0,IF(ISNUMBER(AE30),AE30,0)))+IF(AF30="X",10,IF(AF30="M",0,IF(ISNUMBER(AF30),AF30,0)))+IF(AG30="X",10,IF(AG30="M",0,IF(ISNUMBER(AG30),AG30,0)))+IF(AH30="X",10,IF(AH30="M",0,IF(ISNUMBER(AH30),AH30,0)))+IF(AI30="X",10,IF(AI30="M",0,IF(ISNUMBER(AI30),AI30,0))),"") | AU30: =IF(B30<>"",IF(AJ30="X",10,IF(AJ30="M",0,IF(ISNUMBER(AJ30),AJ30,0)))+IF(AK30="X",10,IF(AK30="M",0,IF(ISNUMBER(AK30),AK30,0)))+IF(AL30="X",10,IF(AL30="M",0,IF(ISNUMBER(AL30),AL30,0)))+IF(AM30="X",10,IF(AM30="M",0,IF(ISNUMBER(AM30),AM30,0)))+IF(AN30="X",10,IF(AN30="M",0,IF(ISNUMBER(AN30),AN30,0)))+IF(AO30="X",10,IF(AO30="M",0,IF(ISNUMBER(AO30),AO30,0))),"") | AV30: =IF(B30<>"",AP30+AQ30+AR30+AS30+AT30+AU30,"") | AW30: =IF(B30<>"",IF(F30="X",1,0)+IF(G30="X",1,0)+IF(H30="X",1,0)+IF(I30="X",1,0)+IF(J30="X",1,0)+IF(K30="X",1,0)+IF(L30="X",1,0)+IF(M30="X",1,0)+IF(N30="X",1,0)+IF(O30="X",1,0)+IF(P30="X",1,0)+IF(Q30="X",1,0)+IF(R30="X",1,0)+IF(S30="X",1,0)+IF(T30="X",1,0)+IF(U30="X",1,0)+IF(V30="X",1,0)+IF(W30="X",1,0)+IF(X30="X",1,0)+IF(Y30="X",1,0)+IF(Z30="X",1,0)+IF(AA30="X",1,0)+IF(AB30="X",1,0)+IF(AC30="X",1,0)+IF(AD30="X",1,0)+IF(AE30="X",1,0)+IF(AF30="X",1,0)+IF(AG30="X",1,0)+IF(AH30="X",1,0)+IF(AI30="X",1,0)+IF(AJ30="X",1,0)+IF(AK30="X",1,0)+IF(AL30="X",1,0)+IF(AM30="X",1,0)+IF(AN30="X",1,0)+IF(AO30="X",1,0),"") | AX30: =IF(B30<>"",IF(OR(F30="X",F30=10),1,0)+IF(OR(G30="X",G30=10),1,0)+IF(OR(H30="X",H30=10),1,0)+IF(OR(I30="X",I30=10),1,0)+IF(OR(J30="X",J30=10),1,0)+IF(OR(K30="X",K30=10),1,0)+IF(OR(L30="X",L30=10),1,0)+IF(OR(M30="X",M30=10),1,0)+IF(OR(N30="X",N30=10),1,0)+IF(OR(O30="X",O30=10),1,0)+IF(OR(P30="X",P30=10),1,0)+IF(OR(Q30="X",Q30=10),1,0)+IF(OR(R30="X",R30=10),1,0)+IF(OR(S30="X",S30=10),1,0)+IF(OR(T30="X",T30=10),1,0)+IF(OR(U30="X",U30=10),1,0)+IF(OR(V30="X",V30=10),1,0)+IF(OR(W30="X",W30=10),1,0)+IF(OR(X30="X",X30=10),1,0)+IF(OR(Y30="X",Y30=10),1,0)+IF(OR(Z30="X",Z30=10),1,0)+IF(OR(AA30="X",AA30=10),1,0)+IF(OR(AB30="X",AB30=10),1,0)+IF(OR(AC30="X",AC30=10),1,0)+IF(OR(AD30="X",AD30=10),1,0)+IF(OR(AE30="X",AE30=10),1,0)+IF(OR(AF30="X",AF30=10),1,0)+IF(OR(AG30="X",AG30=10),1,0)+IF(OR(AH30="X",AH30=10),1,0)+IF(OR(AI30="X",AI30=10),1,0)+IF(OR(AJ30="X",AJ30=10),1,0)+IF(OR(AK30="X",AK30=10),1,0)+IF(OR(AL30="X",AL30=10),1,0)+IF(OR(AM30="X",AM30=10),1,0)+IF(OR(AN30="X",AN30=10),1,0)+IF(OR(AO30="X",AO30=10),1,0),"") | AY30: =IF(B30<>"",IF(F30=9,1,0)+IF(G30=9,1,0)+IF(H30=9,1,0)+IF(I30=9,1,0)+IF(J30=9,1,0)+IF(K30=9,1,0)+IF(L30=9,1,0)+IF(M30=9,1,0)+IF(N30=9,1,0)+IF(O30=9,1,0)+IF(P30=9,1,0)+IF(Q30=9,1,0)+IF(R30=9,1,0)+IF(S30=9,1,0)+IF(T30=9,1,0)+IF(U30=9,1,0)+IF(V30=9,1,0)+IF(W30=9,1,0)+IF(X30=9,1,0)+IF(Y30=9,1,0)+IF(Z30=9,1,0)+IF(AA30=9,1,0)+IF(AB30=9,1,0)+IF(AC30=9,1,0)+IF(AD30=9,1,0)+IF(AE30=9,1,0)+IF(AF30=9,1,0)+IF(AG30=9,1,0)+IF(AH30=9,1,0)+IF(AI30=9,1,0)+IF(AJ30=9,1,0)+IF(AK30=9,1,0)+IF(AL30=9,1,0)+IF(AM30=9,1,0)+IF(AN30=9,1,0)+IF(AO30=9,1,0),"") | AZ30: =IF(B30<>"",SUMPRODUCT(($AV$6:$AV$1000>AV30)*ISNUMBER($AV$6:$AV$1000))+1+SUMPRODUCT(($AV$6:$AV$1000=AV30)*($AW$6:$AW$1000>AW30)*ISNUMBER($AV$6:$AV$1000)*ISNUMBER($AW$6:$AW$1000))+SUMPRODUCT(($AV$6:$AV$1000=AV30)*($AW$6:$AW$1000=AW30)*($AX$6:$AX$1000>AX30)*ISNUMBER($AV$6:$AV$1000)*ISNUMBER($AX$6:$AX$1000))+SUMPRODUCT(($AV$6:$AV$1000=AV30)*($AW$6:$AW$1000=AW30)*($AX$6:$AX$1000=AX30)*($AY$6:$AY$1000>AY30)*ISNUMBER($AV$6:$AV$1000)*ISNUMBER($AY$6:$AY$1000)),"") | BB30: =IF(B30<>"",SUMPRODUCT(($AV$6:$AV$1000>AV30)*ISNUMBER($AV$6:$AV$1000))+1+SUMPRODUCT(($AV$6:$AV$1000=AV30)*($AW$6:$AW$1000>AW30)*ISNUMBER($AV$6:$AV$1000)*ISNUMBER($AW$6:$AW$1000))+SUMPRODUCT(($AV$6:$AV$1000=AV30)*($AW$6:$AW$1000=AW30)*($AX$6:$AX$1000>AX30)*ISNUMBER($AV$6:$AV$1000)*ISNUMBER($AX$6:$AX$1000))+SUMPRODUCT(($AV$6:$AV$1000=AV30)*($AW$6:$AW$1000=AW30)*($AX$6:$AX$1000=AX30)*($AY$6:$AY$1000>AY30)*ISNUMBER($AV$6:$AV$1000)*ISNUMBER($AY$6:$AY$1000))+SUMPRODUCT(($AV$6:$AV$1000=AV30)*($AW$6:$AW$1000=AW30)*($AX$6:$AX$1000=AX30)*($AY$6:$AY$1000=AY30)*($BA$6:$BA$1000>BA30)*ISNUMBER($AV$6:$AV$1000)*ISNUMBER($BA$6:$BA$1000)),"")
A31: =IF(B31<>"",COUNTA($B$6:B31),"") | E31: =IF(B31="","",IF(COUNTA($B$6:$B$69)<=(E5-D5+1),(D5+MOD(A31-1,(E5-D5+1))),(D5+MOD(A31-1,(E5-D5+1)))&CHAR(65+FLOOR((A31-1)/(E5-D5+1),1)))) | AP31: =IF(B31<>"",IF(F31="X",10,IF(F31="M",0,IF(ISNUMBER(F31),F31,0)))+IF(G31="X",10,IF(G31="M",0,IF(ISNUMBER(G31),G31,0)))+IF(H31="X",10,IF(H31="M",0,IF(ISNUMBER(H31),H31,0)))+IF(I31="X",10,IF(I31="M",0,IF(ISNUMBER(I31),I31,0)))+IF(J31="X",10,IF(J31="M",0,IF(ISNUMBER(J31),J31,0)))+IF(K31="X",10,IF(K31="M",0,IF(ISNUMBER(K31),K31,0))),"") | AQ31: =IF(B31<>"",IF(L31="X",10,IF(L31="M",0,IF(ISNUMBER(L31),L31,0)))+IF(M31="X",10,IF(M31="M",0,IF(ISNUMBER(M31),M31,0)))+IF(N31="X",10,IF(N31="M",0,IF(ISNUMBER(N31),N31,0)))+IF(O31="X",10,IF(O31="M",0,IF(ISNUMBER(O31),O31,0)))+IF(P31="X",10,IF(P31="M",0,IF(ISNUMBER(P31),P31,0)))+IF(Q31="X",10,IF(Q31="M",0,IF(ISNUMBER(Q31),Q31,0))),"") | AR31: =IF(B31<>"",IF(R31="X",10,IF(R31="M",0,IF(ISNUMBER(R31),R31,0)))+IF(S31="X",10,IF(S31="M",0,IF(ISNUMBER(S31),S31,0)))+IF(T31="X",10,IF(T31="M",0,IF(ISNUMBER(T31),T31,0)))+IF(U31="X",10,IF(U31="M",0,IF(ISNUMBER(U31),U31,0)))+IF(V31="X",10,IF(V31="M",0,IF(ISNUMBER(V31),V31,0)))+IF(W31="X",10,IF(W31="M",0,IF(ISNUMBER(W31),W31,0))),"") | AS31: =IF(B31<>"",IF(X31="X",10,IF(X31="M",0,IF(ISNUMBER(X31),X31,0)))+IF(Y31="X",10,IF(Y31="M",0,IF(ISNUMBER(Y31),Y31,0)))+IF(Z31="X",10,IF(Z31="M",0,IF(ISNUMBER(Z31),Z31,0)))+IF(AA31="X",10,IF(AA31="M",0,IF(ISNUMBER(AA31),AA31,0)))+IF(AB31="X",10,IF(AB31="M",0,IF(ISNUMBER(AB31),AB31,0)))+IF(AC31="X",10,IF(AC31="M",0,IF(ISNUMBER(AC31),AC31,0))),"") | AT31: =IF(B31<>"",IF(AD31="X",10,IF(AD31="M",0,IF(ISNUMBER(AD31),AD31,0)))+IF(AE31="X",10,IF(AE31="M",0,IF(ISNUMBER(AE31),AE31,0)))+IF(AF31="X",10,IF(AF31="M",0,IF(ISNUMBER(AF31),AF31,0)))+IF(AG31="X",10,IF(AG31="M",0,IF(ISNUMBER(AG31),AG31,0)))+IF(AH31="X",10,IF(AH31="M",0,IF(ISNUMBER(AH31),AH31,0)))+IF(AI31="X",10,IF(AI31="M",0,IF(ISNUMBER(AI31),AI31,0))),"") | AU31: =IF(B31<>"",IF(AJ31="X",10,IF(AJ31="M",0,IF(ISNUMBER(AJ31),AJ31,0)))+IF(AK31="X",10,IF(AK31="M",0,IF(ISNUMBER(AK31),AK31,0)))+IF(AL31="X",10,IF(AL31="M",0,IF(ISNUMBER(AL31),AL31,0)))+IF(AM31="X",10,IF(AM31="M",0,IF(ISNUMBER(AM31),AM31,0)))+IF(AN31="X",10,IF(AN31="M",0,IF(ISNUMBER(AN31),AN31,0)))+IF(AO31="X",10,IF(AO31="M",0,IF(ISNUMBER(AO31),AO31,0))),"") | AV31: =IF(B31<>"",AP31+AQ31+AR31+AS31+AT31+AU31,"") | AW31: =IF(B31<>"",IF(F31="X",1,0)+IF(G31="X",1,0)+IF(H31="X",1,0)+IF(I31="X",1,0)+IF(J31="X",1,0)+IF(K31="X",1,0)+IF(L31="X",1,0)+IF(M31="X",1,0)+IF(N31="X",1,0)+IF(O31="X",1,0)+IF(P31="X",1,0)+IF(Q31="X",1,0)+IF(R31="X",1,0)+IF(S31="X",1,0)+IF(T31="X",1,0)+IF(U31="X",1,0)+IF(V31="X",1,0)+IF(W31="X",1,0)+IF(X31="X",1,0)+IF(Y31="X",1,0)+IF(Z31="X",1,0)+IF(AA31="X",1,0)+IF(AB31="X",1,0)+IF(AC31="X",1,0)+IF(AD31="X",1,0)+IF(AE31="X",1,0)+IF(AF31="X",1,0)+IF(AG31="X",1,0)+IF(AH31="X",1,0)+IF(AI31="X",1,0)+IF(AJ31="X",1,0)+IF(AK31="X",1,0)+IF(AL31="X",1,0)+IF(AM31="X",1,0)+IF(AN31="X",1,0)+IF(AO31="X",1,0),"") | AX31: =IF(B31<>"",IF(OR(F31="X",F31=10),1,0)+IF(OR(G31="X",G31=10),1,0)+IF(OR(H31="X",H31=10),1,0)+IF(OR(I31="X",I31=10),1,0)+IF(OR(J31="X",J31=10),1,0)+IF(OR(K31="X",K31=10),1,0)+IF(OR(L31="X",L31=10),1,0)+IF(OR(M31="X",M31=10),1,0)+IF(OR(N31="X",N31=10),1,0)+IF(OR(O31="X",O31=10),1,0)+IF(OR(P31="X",P31=10),1,0)+IF(OR(Q31="X",Q31=10),1,0)+IF(OR(R31="X",R31=10),1,0)+IF(OR(S31="X",S31=10),1,0)+IF(OR(T31="X",T31=10),1,0)+IF(OR(U31="X",U31=10),1,0)+IF(OR(V31="X",V31=10),1,0)+IF(OR(W31="X",W31=10),1,0)+IF(OR(X31="X",X31=10),1,0)+IF(OR(Y31="X",Y31=10),1,0)+IF(OR(Z31="X",Z31=10),1,0)+IF(OR(AA31="X",AA31=10),1,0)+IF(OR(AB31="X",AB31=10),1,0)+IF(OR(AC31="X",AC31=10),1,0)+IF(OR(AD31="X",AD31=10),1,0)+IF(OR(AE31="X",AE31=10),1,0)+IF(OR(AF31="X",AF31=10),1,0)+IF(OR(AG31="X",AG31=10),1,0)+IF(OR(AH31="X",AH31=10),1,0)+IF(OR(AI31="X",AI31=10),1,0)+IF(OR(AJ31="X",AJ31=10),1,0)+IF(OR(AK31="X",AK31=10),1,0)+IF(OR(AL31="X",AL31=10),1,0)+IF(OR(AM31="X",AM31=10),1,0)+IF(OR(AN31="X",AN31=10),1,0)+IF(OR(AO31="X",AO31=10),1,0),"") | AY31: =IF(B31<>"",IF(F31=9,1,0)+IF(G31=9,1,0)+IF(H31=9,1,0)+IF(I31=9,1,0)+IF(J31=9,1,0)+IF(K31=9,1,0)+IF(L31=9,1,0)+IF(M31=9,1,0)+IF(N31=9,1,0)+IF(O31=9,1,0)+IF(P31=9,1,0)+IF(Q31=9,1,0)+IF(R31=9,1,0)+IF(S31=9,1,0)+IF(T31=9,1,0)+IF(U31=9,1,0)+IF(V31=9,1,0)+IF(W31=9,1,0)+IF(X31=9,1,0)+IF(Y31=9,1,0)+IF(Z31=9,1,0)+IF(AA31=9,1,0)+IF(AB31=9,1,0)+IF(AC31=9,1,0)+IF(AD31=9,1,0)+IF(AE31=9,1,0)+IF(AF31=9,1,0)+IF(AG31=9,1,0)+IF(AH31=9,1,0)+IF(AI31=9,1,0)+IF(AJ31=9,1,0)+IF(AK31=9,1,0)+IF(AL31=9,1,0)+IF(AM31=9,1,0)+IF(AN31=9,1,0)+IF(AO31=9,1,0),"") | AZ31: =IF(B31<>"",SUMPRODUCT(($AV$6:$AV$1000>AV31)*ISNUMBER($AV$6:$AV$1000))+1+SUMPRODUCT(($AV$6:$AV$1000=AV31)*($AW$6:$AW$1000>AW31)*ISNUMBER($AV$6:$AV$1000)*ISNUMBER($AW$6:$AW$1000))+SUMPRODUCT(($AV$6:$AV$1000=AV31)*($AW$6:$AW$1000=AW31)*($AX$6:$AX$1000>AX31)*ISNUMBER($AV$6:$AV$1000)*ISNUMBER($AX$6:$AX$1000))+SUMPRODUCT(($AV$6:$AV$1000=AV31)*($AW$6:$AW$1000=AW31)*($AX$6:$AX$1000=AX31)*($AY$6:$AY$1000>AY31)*ISNUMBER($AV$6:$AV$1000)*ISNUMBER($AY$6:$AY$1000)),"") | BB31: =IF(B31<>"",SUMPRODUCT(($AV$6:$AV$1000>AV31)*ISNUMBER($AV$6:$AV$1000))+1+SUMPRODUCT(($AV$6:$AV$1000=AV31)*($AW$6:$AW$1000>AW31)*ISNUMBER($AV$6:$AV$1000)*ISNUMBER($AW$6:$AW$1000))+SUMPRODUCT(($AV$6:$AV$1000=AV31)*($AW$6:$AW$1000=AW31)*($AX$6:$AX$1000>AX31)*ISNUMBER($AV$6:$AV$1000)*ISNUMBER($AX$6:$AX$1000))+SUMPRODUCT(($AV$6:$AV$1000=AV31)*($AW$6:$AW$1000=AW31)*($AX$6:$AX$1000=AX31)*($AY$6:$AY$1000>AY31)*ISNUMBER($AV$6:$AV$1000)*ISNUMBER($AY$6:$AY$1000))+SUMPRODUCT(($AV$6:$AV$1000=AV31)*($AW$6:$AW$1000=AW31)*($AX$6:$AX$1000=AX31)*($AY$6:$AY$1000=AY31)*($BA$6:$BA$1000>BA31)*ISNUMBER($AV$6:$AV$1000)*ISNUMBER($BA$6:$BA$1000)),"")
A32: =IF(B32<>"",COUNTA($B$6:B32),"") | E32: =IF(B32="","",IF(COUNTA($B$6:$B$69)<=(E5-D5+1),(D5+MOD(A32-1,(E5-D5+1))),(D5+MOD(A32-1,(E5-D5+1)))&CHAR(65+FLOOR((A32-1)/(E5-D5+1),1)))) | AP32: =IF(B32<>"",IF(F32="X",10,IF(F32="M",0,IF(ISNUMBER(F32),F32,0)))+IF(G32="X",10,IF(G32="M",0,IF(ISNUMBER(G32),G32,0)))+IF(H32="X",10,IF(H32="M",0,IF(ISNUMBER(H32),H32,0)))+IF(I32="X",10,IF(I32="M",0,IF(ISNUMBER(I32),I32,0)))+IF(J32="X",10,IF(J32="M",0,IF(ISNUMBER(J32),J32,0)))+IF(K32="X",10,IF(K32="M",0,IF(ISNUMBER(K32),K32,0))),"") | AQ32: =IF(B32<>"",IF(L32="X",10,IF(L32="M",0,IF(ISNUMBER(L32),L32,0)))+IF(M32="X",10,IF(M32="M",0,IF(ISNUMBER(M32),M32,0)))+IF(N32="X",10,IF(N32="M",0,IF(ISNUMBER(N32),N32,0)))+IF(O32="X",10,IF(O32="M",0,IF(ISNUMBER(O32),O32,0)))+IF(P32="X",10,IF(P32="M",0,IF(ISNUMBER(P32),P32,0)))+IF(Q32="X",10,IF(Q32="M",0,IF(ISNUMBER(Q32),Q32,0))),"") | AR32: =IF(B32<>"",IF(R32="X",10,IF(R32="M",0,IF(ISNUMBER(R32),R32,0)))+IF(S32="X",10,IF(S32="M",0,IF(ISNUMBER(S32),S32,0)))+IF(T32="X",10,IF(T32="M",0,IF(ISNUMBER(T32),T32,0)))+IF(U32="X",10,IF(U32="M",0,IF(ISNUMBER(U32),U32,0)))+IF(V32="X",10,IF(V32="M",0,IF(ISNUMBER(V32),V32,0)))+IF(W32="X",10,IF(W32="M",0,IF(ISNUMBER(W32),W32,0))),"") | AS32: =IF(B32<>"",IF(X32="X",10,IF(X32="M",0,IF(ISNUMBER(X32),X32,0)))+IF(Y32="X",10,IF(Y32="M",0,IF(ISNUMBER(Y32),Y32,0)))+IF(Z32="X",10,IF(Z32="M",0,IF(ISNUMBER(Z32),Z32,0)))+IF(AA32="X",10,IF(AA32="M",0,IF(ISNUMBER(AA32),AA32,0)))+IF(AB32="X",10,IF(AB32="M",0,IF(ISNUMBER(AB32),AB32,0)))+IF(AC32="X",10,IF(AC32="M",0,IF(ISNUMBER(AC32),AC32,0))),"") | AT32: =IF(B32<>"",IF(AD32="X",10,IF(AD32="M",0,IF(ISNUMBER(AD32),AD32,0)))+IF(AE32="X",10,IF(AE32="M",0,IF(ISNUMBER(AE32),AE32,0)))+IF(AF32="X",10,IF(AF32="M",0,IF(ISNUMBER(AF32),AF32,0)))+IF(AG32="X",10,IF(AG32="M",0,IF(ISNUMBER(AG32),AG32,0)))+IF(AH32="X",10,IF(AH32="M",0,IF(ISNUMBER(AH32),AH32,0)))+IF(AI32="X",10,IF(AI32="M",0,IF(ISNUMBER(AI32),AI32,0))),"") | AU32: =IF(B32<>"",IF(AJ32="X",10,IF(AJ32="M",0,IF(ISNUMBER(AJ32),AJ32,0)))+IF(AK32="X",10,IF(AK32="M",0,IF(ISNUMBER(AK32),AK32,0)))+IF(AL32="X",10,IF(AL32="M",0,IF(ISNUMBER(AL32),AL32,0)))+IF(AM32="X",10,IF(AM32="M",0,IF(ISNUMBER(AM32),AM32,0)))+IF(AN32="X",10,IF(AN32="M",0,IF(ISNUMBER(AN32),AN32,0)))+IF(AO32="X",10,IF(AO32="M",0,IF(ISNUMBER(AO32),AO32,0))),"") | AV32: =IF(B32<>"",AP32+AQ32+AR32+AS32+AT32+AU32,"") | AW32: =IF(B32<>"",IF(F32="X",1,0)+IF(G32="X",1,0)+IF(H32="X",1,0)+IF(I32="X",1,0)+IF(J32="X",1,0)+IF(K32="X",1,0)+IF(L32="X",1,0)+IF(M32="X",1,0)+IF(N32="X",1,0)+IF(O32="X",1,0)+IF(P32="X",1,0)+IF(Q32="X",1,0)+IF(R32="X",1,0)+IF(S32="X",1,0)+IF(T32="X",1,0)+IF(U32="X",1,0)+IF(V32="X",1,0)+IF(W32="X",1,0)+IF(X32="X",1,0)+IF(Y32="X",1,0)+IF(Z32="X",1,0)+IF(AA32="X",1,0)+IF(AB32="X",1,0)+IF(AC32="X",1,0)+IF(AD32="X",1,0)+IF(AE32="X",1,0)+IF(AF32="X",1,0)+IF(AG32="X",1,0)+IF(AH32="X",1,0)+IF(AI32="X",1,0)+IF(AJ32="X",1,0)+IF(AK32="X",1,0)+IF(AL32="X",1,0)+IF(AM32="X",1,0)+IF(AN32="X",1,0)+IF(AO32="X",1,0),"") | AX32: =IF(B32<>"",IF(OR(F32="X",F32=10),1,0)+IF(OR(G32="X",G32=10),1,0)+IF(OR(H32="X",H32=10),1,0)+IF(OR(I32="X",I32=10),1,0)+IF(OR(J32="X",J32=10),1,0)+IF(OR(K32="X",K32=10),1,0)+IF(OR(L32="X",L32=10),1,0)+IF(OR(M32="X",M32=10),1,0)+IF(OR(N32="X",N32=10),1,0)+IF(OR(O32="X",O32=10),1,0)+IF(OR(P32="X",P32=10),1,0)+IF(OR(Q32="X",Q32=10),1,0)+IF(OR(R32="X",R32=10),1,0)+IF(OR(S32="X",S32=10),1,0)+IF(OR(T32="X",T32=10),1,0)+IF(OR(U32="X",U32=10),1,0)+IF(OR(V32="X",V32=10),1,0)+IF(OR(W32="X",W32=10),1,0)+IF(OR(X32="X",X32=10),1,0)+IF(OR(Y32="X",Y32=10),1,0)+IF(OR(Z32="X",Z32=10),1,0)+IF(OR(AA32="X",AA32=10),1,0)+IF(OR(AB32="X",AB32=10),1,0)+IF(OR(AC32="X",AC32=10),1,0)+IF(OR(AD32="X",AD32=10),1,0)+IF(OR(AE32="X",AE32=10),1,0)+IF(OR(AF32="X",AF32=10),1,0)+IF(OR(AG32="X",AG32=10),1,0)+IF(OR(AH32="X",AH32=10),1,0)+IF(OR(AI32="X",AI32=10),1,0)+IF(OR(AJ32="X",AJ32=10),1,0)+IF(OR(AK32="X",AK32=10),1,0)+IF(OR(AL32="X",AL32=10),1,0)+IF(OR(AM32="X",AM32=10),1,0)+IF(OR(AN32="X",AN32=10),1,0)+IF(OR(AO32="X",AO32=10),1,0),"") | AY32: =IF(B32<>"",IF(F32=9,1,0)+IF(G32=9,1,0)+IF(H32=9,1,0)+IF(I32=9,1,0)+IF(J32=9,1,0)+IF(K32=9,1,0)+IF(L32=9,1,0)+IF(M32=9,1,0)+IF(N32=9,1,0)+IF(O32=9,1,0)+IF(P32=9,1,0)+IF(Q32=9,1,0)+IF(R32=9,1,0)+IF(S32=9,1,0)+IF(T32=9,1,0)+IF(U32=9,1,0)+IF(V32=9,1,0)+IF(W32=9,1,0)+IF(X32=9,1,0)+IF(Y32=9,1,0)+IF(Z32=9,1,0)+IF(AA32=9,1,0)+IF(AB32=9,1,0)+IF(AC32=9,1,0)+IF(AD32=9,1,0)+IF(AE32=9,1,0)+IF(AF32=9,1,0)+IF(AG32=9,1,0)+IF(AH32=9,1,0)+IF(AI32=9,1,0)+IF(AJ32=9,1,0)+IF(AK32=9,1,0)+IF(AL32=9,1,0)+IF(AM32=9,1,0)+IF(AN32=9,1,0)+IF(AO32=9,1,0),"") | AZ32: =IF(B32<>"",SUMPRODUCT(($AV$6:$AV$1000>AV32)*ISNUMBER($AV$6:$AV$1000))+1+SUMPRODUCT(($AV$6:$AV$1000=AV32)*($AW$6:$AW$1000>AW32)*ISNUMBER($AV$6:$AV$1000)*ISNUMBER($AW$6:$AW$1000))+SUMPRODUCT(($AV$6:$AV$1000=AV32)*($AW$6:$AW$1000=AW32)*($AX$6:$AX$1000>AX32)*ISNUMBER($AV$6:$AV$1000)*ISNUMBER($AX$6:$AX$1000))+SUMPRODUCT(($AV$6:$AV$1000=AV32)*($AW$6:$AW$1000=AW32)*($AX$6:$AX$1000=AX32)*($AY$6:$AY$1000>AY32)*ISNUMBER($AV$6:$AV$1000)*ISNUMBER($AY$6:$AY$1000)),"") | BB32: =IF(B32<>"",SUMPRODUCT(($AV$6:$AV$1000>AV32)*ISNUMBER($AV$6:$AV$1000))+1+SUMPRODUCT(($AV$6:$AV$1000=AV32)*($AW$6:$AW$1000>AW32)*ISNUMBER($AV$6:$AV$1000)*ISNUMBER($AW$6:$AW$1000))+SUMPRODUCT(($AV$6:$AV$1000=AV32)*($AW$6:$AW$1000=AW32)*($AX$6:$AX$1000>AX32)*ISNUMBER($AV$6:$AV$1000)*ISNUMBER($AX$6:$AX$1000))+SUMPRODUCT(($AV$6:$AV$1000=AV32)*($AW$6:$AW$1000=AW32)*($AX$6:$AX$1000=AX32)*($AY$6:$AY$1000>AY32)*ISNUMBER($AV$6:$AV$1000)*ISNUMBER($AY$6:$AY$1000))+SUMPRODUCT(($AV$6:$AV$1000=AV32)*($AW$6:$AW$1000=AW32)*($AX$6:$AX$1000=AX32)*($AY$6:$AY$1000=AY32)*($BA$6:$BA$1000>BA32)*ISNUMBER($AV$6:$AV$1000)*ISNUMBER($BA$6:$BA$1000)),"")
A33: =IF(B33<>"",COUNTA($B$6:B33),"") | E33: =IF(B33="","",IF(COUNTA($B$6:$B$69)<=(E5-D5+1),(D5+MOD(A33-1,(E5-D5+1))),(D5+MOD(A33-1,(E5-D5+1)))&CHAR(65+FLOOR((A33-1)/(E5-D5+1),1)))) | AP33: =IF(B33<>"",IF(F33="X",10,IF(F33="M",0,IF(ISNUMBER(F33),F33,0)))+IF(G33="X",10,IF(G33="M",0,IF(ISNUMBER(G33),G33,0)))+IF(H33="X",10,IF(H33="M",0,IF(ISNUMBER(H33),H33,0)))+IF(I33="X",10,IF(I33="M",0,IF(ISNUMBER(I33),I33,0)))+IF(J33="X",10,IF(J33="M",0,IF(ISNUMBER(J33),J33,0)))+IF(K33="X",10,IF(K33="M",0,IF(ISNUMBER(K33),K33,0))),"") | AQ33: =IF(B33<>"",IF(L33="X",10,IF(L33="M",0,IF(ISNUMBER(L33),L33,0)))+IF(M33="X",10,IF(M33="M",0,IF(ISNUMBER(M33),M33,0)))+IF(N33="X",10,IF(N33="M",0,IF(ISNUMBER(N33),N33,0)))+IF(O33="X",10,IF(O33="M",0,IF(ISNUMBER(O33),O33,0)))+IF(P33="X",10,IF(P33="M",0,IF(ISNUMBER(P33),P33,0)))+IF(Q33="X",10,IF(Q33="M",0,IF(ISNUMBER(Q33),Q33,0))),"") | AR33: =IF(B33<>"",IF(R33="X",10,IF(R33="M",0,IF(ISNUMBER(R33),R33,0)))+IF(S33="X",10,IF(S33="M",0,IF(ISNUMBER(S33),S33,0)))+IF(T33="X",10,IF(T33="M",0,IF(ISNUMBER(T33),T33,0)))+IF(U33="X",10,IF(U33="M",0,IF(ISNUMBER(U33),U33,0)))+IF(V33="X",10,IF(V33="M",0,IF(ISNUMBER(V33),V33,0)))+IF(W33="X",10,IF(W33="M",0,IF(ISNUMBER(W33),W33,0))),"") | AS33: =IF(B33<>"",IF(X33="X",10,IF(X33="M",0,IF(ISNUMBER(X33),X33,0)))+IF(Y33="X",10,IF(Y33="M",0,IF(ISNUMBER(Y33),Y33,0)))+IF(Z33="X",10,IF(Z33="M",0,IF(ISNUMBER(Z33),Z33,0)))+IF(AA33="X",10,IF(AA33="M",0,IF(ISNUMBER(AA33),AA33,0)))+IF(AB33="X",10,IF(AB33="M",0,IF(ISNUMBER(AB33),AB33,0)))+IF(AC33="X",10,IF(AC33="M",0,IF(ISNUMBER(AC33),AC33,0))),"") | AT33: =IF(B33<>"",IF(AD33="X",10,IF(AD33="M",0,IF(ISNUMBER(AD33),AD33,0)))+IF(AE33="X",10,IF(AE33="M",0,IF(ISNUMBER(AE33),AE33,0)))+IF(AF33="X",10,IF(AF33="M",0,IF(ISNUMBER(AF33),AF33,0)))+IF(AG33="X",10,IF(AG33="M",0,IF(ISNUMBER(AG33),AG33,0)))+IF(AH33="X",10,IF(AH33="M",0,IF(ISNUMBER(AH33),AH33,0)))+IF(AI33="X",10,IF(AI33="M",0,IF(ISNUMBER(AI33),AI33,0))),"") | AU33: =IF(B33<>"",IF(AJ33="X",10,IF(AJ33="M",0,IF(ISNUMBER(AJ33),AJ33,0)))+IF(AK33="X",10,IF(AK33="M",0,IF(ISNUMBER(AK33),AK33,0)))+IF(AL33="X",10,IF(AL33="M",0,IF(ISNUMBER(AL33),AL33,0)))+IF(AM33="X",10,IF(AM33="M",0,IF(ISNUMBER(AM33),AM33,0)))+IF(AN33="X",10,IF(AN33="M",0,IF(ISNUMBER(AN33),AN33,0)))+IF(AO33="X",10,IF(AO33="M",0,IF(ISNUMBER(AO33),AO33,0))),"") | AV33: =IF(B33<>"",AP33+AQ33+AR33+AS33+AT33+AU33,"") | AW33: =IF(B33<>"",IF(F33="X",1,0)+IF(G33="X",1,0)+IF(H33="X",1,0)+IF(I33="X",1,0)+IF(J33="X",1,0)+IF(K33="X",1,0)+IF(L33="X",1,0)+IF(M33="X",1,0)+IF(N33="X",1,0)+IF(O33="X",1,0)+IF(P33="X",1,0)+IF(Q33="X",1,0)+IF(R33="X",1,0)+IF(S33="X",1,0)+IF(T33="X",1,0)+IF(U33="X",1,0)+IF(V33="X",1,0)+IF(W33="X",1,0)+IF(X33="X",1,0)+IF(Y33="X",1,0)+IF(Z33="X",1,0)+IF(AA33="X",1,0)+IF(AB33="X",1,0)+IF(AC33="X",1,0)+IF(AD33="X",1,0)+IF(AE33="X",1,0)+IF(AF33="X",1,0)+IF(AG33="X",1,0)+IF(AH33="X",1,0)+IF(AI33="X",1,0)+IF(AJ33="X",1,0)+IF(AK33="X",1,0)+IF(AL33="X",1,0)+IF(AM33="X",1,0)+IF(AN33="X",1,0)+IF(AO33="X",1,0),"") | AX33: =IF(B33<>"",IF(OR(F33="X",F33=10),1,0)+IF(OR(G33="X",G33=10),1,0)+IF(OR(H33="X",H33=10),1,0)+IF(OR(I33="X",I33=10),1,0)+IF(OR(J33="X",J33=10),1,0)+IF(OR(K33="X",K33=10),1,0)+IF(OR(L33="X",L33=10),1,0)+IF(OR(M33="X",M33=10),1,0)+IF(OR(N33="X",N33=10),1,0)+IF(OR(O33="X",O33=10),1,0)+IF(OR(P33="X",P33=10),1,0)+IF(OR(Q33="X",Q33=10),1,0)+IF(OR(R33="X",R33=10),1,0)+IF(OR(S33="X",S33=10),1,0)+IF(OR(T33="X",T33=10),1,0)+IF(OR(U33="X",U33=10),1,0)+IF(OR(V33="X",V33=10),1,0)+IF(OR(W33="X",W33=10),1,0)+IF(OR(X33="X",X33=10),1,0)+IF(OR(Y33="X",Y33=10),1,0)+IF(OR(Z33="X",Z33=10),1,0)+IF(OR(AA33="X",AA33=10),1,0)+IF(OR(AB33="X",AB33=10),1,0)+IF(OR(AC33="X",AC33=10),1,0)+IF(OR(AD33="X",AD33=10),1,0)+IF(OR(AE33="X",AE33=10),1,0)+IF(OR(AF33="X",AF33=10),1,0)+IF(OR(AG33="X",AG33=10),1,0)+IF(OR(AH33="X",AH33=10),1,0)+IF(OR(AI33="X",AI33=10),1,0)+IF(OR(AJ33="X",AJ33=10),1,0)+IF(OR(AK33="X",AK33=10),1,0)+IF(OR(AL33="X",AL33=10),1,0)+IF(OR(AM33="X",AM33=10),1,0)+IF(OR(AN33="X",AN33=10),1,0)+IF(OR(AO33="X",AO33=10),1,0),"") | AY33: =IF(B33<>"",IF(F33=9,1,0)+IF(G33=9,1,0)+IF(H33=9,1,0)+IF(I33=9,1,0)+IF(J33=9,1,0)+IF(K33=9,1,0)+IF(L33=9,1,0)+IF(M33=9,1,0)+IF(N33=9,1,0)+IF(O33=9,1,0)+IF(P33=9,1,0)+IF(Q33=9,1,0)+IF(R33=9,1,0)+IF(S33=9,1,0)+IF(T33=9,1,0)+IF(U33=9,1,0)+IF(V33=9,1,0)+IF(W33=9,1,0)+IF(X33=9,1,0)+IF(Y33=9,1,0)+IF(Z33=9,1,0)+IF(AA33=9,1,0)+IF(AB33=9,1,0)+IF(AC33=9,1,0)+IF(AD33=9,1,0)+IF(AE33=9,1,0)+IF(AF33=9,1,0)+IF(AG33=9,1,0)+IF(AH33=9,1,0)+IF(AI33=9,1,0)+IF(AJ33=9,1,0)+IF(AK33=9,1,0)+IF(AL33=9,1,0)+IF(AM33=9,1,0)+IF(AN33=9,1,0)+IF(AO33=9,1,0),"") | AZ33: =IF(B33<>"",SUMPRODUCT(($AV$6:$AV$1000>AV33)*ISNUMBER($AV$6:$AV$1000))+1+SUMPRODUCT(($AV$6:$AV$1000=AV33)*($AW$6:$AW$1000>AW33)*ISNUMBER($AV$6:$AV$1000)*ISNUMBER($AW$6:$AW$1000))+SUMPRODUCT(($AV$6:$AV$1000=AV33)*($AW$6:$AW$1000=AW33)*($AX$6:$AX$1000>AX33)*ISNUMBER($AV$6:$AV$1000)*ISNUMBER($AX$6:$AX$1000))+SUMPRODUCT(($AV$6:$AV$1000=AV33)*($AW$6:$AW$1000=AW33)*($AX$6:$AX$1000=AX33)*($AY$6:$AY$1000>AY33)*ISNUMBER($AV$6:$AV$1000)*ISNUMBER($AY$6:$AY$1000)),"") | BB33: =IF(B33<>"",SUMPRODUCT(($AV$6:$AV$1000>AV33)*ISNUMBER($AV$6:$AV$1000))+1+SUMPRODUCT(($AV$6:$AV$1000=AV33)*($AW$6:$AW$1000>AW33)*ISNUMBER($AV$6:$AV$1000)*ISNUMBER($AW$6:$AW$1000))+SUMPRODUCT(($AV$6:$AV$1000=AV33)*($AW$6:$AW$1000=AW33)*($AX$6:$AX$1000>AX33)*ISNUMBER($AV$6:$AV$1000)*ISNUMBER($AX$6:$AX$1000))+SUMPRODUCT(($AV$6:$AV$1000=AV33)*($AW$6:$AW$1000=AW33)*($AX$6:$AX$1000=AX33)*($AY$6:$AY$1000>AY33)*ISNUMBER($AV$6:$AV$1000)*ISNUMBER($AY$6:$AY$1000))+SUMPRODUCT(($AV$6:$AV$1000=AV33)*($AW$6:$AW$1000=AW33)*($AX$6:$AX$1000=AX33)*($AY$6:$AY$1000=AY33)*($BA$6:$BA$1000>BA33)*ISNUMBER($AV$6:$AV$1000)*ISNUMBER($BA$6:$BA$1000)),"")
A34: =IF(B34<>"",COUNTA($B$6:B34),"") | E34: =IF(B34="","",IF(COUNTA($B$6:$B$69)<=(E5-D5+1),(D5+MOD(A34-1,(E5-D5+1))),(D5+MOD(A34-1,(E5-D5+1)))&CHAR(65+FLOOR((A34-1)/(E5-D5+1),1)))) | AP34: =IF(B34<>"",IF(F34="X",10,IF(F34="M",0,IF(ISNUMBER(F34),F34,0)))+IF(G34="X",10,IF(G34="M",0,IF(ISNUMBER(G34),G34,0)))+IF(H34="X",10,IF(H34="M",0,IF(ISNUMBER(H34),H34,0)))+IF(I34="X",10,IF(I34="M",0,IF(ISNUMBER(I34),I34,0)))+IF(J34="X",10,IF(J34="M",0,IF(ISNUMBER(J34),J34,0)))+IF(K34="X",10,IF(K34="M",0,IF(ISNUMBER(K34),K34,0))),"") | AQ34: =IF(B34<>"",IF(L34="X",10,IF(L34="M",0,IF(ISNUMBER(L34),L34,0)))+IF(M34="X",10,IF(M34="M",0,IF(ISNUMBER(M34),M34,0)))+IF(N34="X",10,IF(N34="M",0,IF(ISNUMBER(N34),N34,0)))+IF(O34="X",10,IF(O34="M",0,IF(ISNUMBER(O34),O34,0)))+IF(P34="X",10,IF(P34="M",0,IF(ISNUMBER(P34),P34,0)))+IF(Q34="X",10,IF(Q34="M",0,IF(ISNUMBER(Q34),Q34,0))),"") | AR34: =IF(B34<>"",IF(R34="X",10,IF(R34="M",0,IF(ISNUMBER(R34),R34,0)))+IF(S34="X",10,IF(S34="M",0,IF(ISNUMBER(S34),S34,0)))+IF(T34="X",10,IF(T34="M",0,IF(ISNUMBER(T34),T34,0)))+IF(U34="X",10,IF(U34="M",0,IF(ISNUMBER(U34),U34,0)))+IF(V34="X",10,IF(V34="M",0,IF(ISNUMBER(V34),V34,0)))+IF(W34="X",10,IF(W34="M",0,IF(ISNUMBER(W34),W34,0))),"") | AS34: =IF(B34<>"",IF(X34="X",10,IF(X34="M",0,IF(ISNUMBER(X34),X34,0)))+IF(Y34="X",10,IF(Y34="M",0,IF(ISNUMBER(Y34),Y34,0)))+IF(Z34="X",10,IF(Z34="M",0,IF(ISNUMBER(Z34),Z34,0)))+IF(AA34="X",10,IF(AA34="M",0,IF(ISNUMBER(AA34),AA34,0)))+IF(AB34="X",10,IF(AB34="M",0,IF(ISNUMBER(AB34),AB34,0)))+IF(AC34="X",10,IF(AC34="M",0,IF(ISNUMBER(AC34),AC34,0))),"") | AT34: =IF(B34<>"",IF(AD34="X",10,IF(AD34="M",0,IF(ISNUMBER(AD34),AD34,0)))+IF(AE34="X",10,IF(AE34="M",0,IF(ISNUMBER(AE34),AE34,0)))+IF(AF34="X",10,IF(AF34="M",0,IF(ISNUMBER(AF34),AF34,0)))+IF(AG34="X",10,IF(AG34="M",0,IF(ISNUMBER(AG34),AG34,0)))+IF(AH34="X",10,IF(AH34="M",0,IF(ISNUMBER(AH34),AH34,0)))+IF(AI34="X",10,IF(AI34="M",0,IF(ISNUMBER(AI34),AI34,0))),"") | AU34: =IF(B34<>"",IF(AJ34="X",10,IF(AJ34="M",0,IF(ISNUMBER(AJ34),AJ34,0)))+IF(AK34="X",10,IF(AK34="M",0,IF(ISNUMBER(AK34),AK34,0)))+IF(AL34="X",10,IF(AL34="M",0,IF(ISNUMBER(AL34),AL34,0)))+IF(AM34="X",10,IF(AM34="M",0,IF(ISNUMBER(AM34),AM34,0)))+IF(AN34="X",10,IF(AN34="M",0,IF(ISNUMBER(AN34),AN34,0)))+IF(AO34="X",10,IF(AO34="M",0,IF(ISNUMBER(AO34),AO34,0))),"") | AV34: =IF(B34<>"",AP34+AQ34+AR34+AS34+AT34+AU34,"") | AW34: =IF(B34<>"",IF(F34="X",1,0)+IF(G34="X",1,0)+IF(H34="X",1,0)+IF(I34="X",1,0)+IF(J34="X",1,0)+IF(K34="X",1,0)+IF(L34="X",1,0)+IF(M34="X",1,0)+IF(N34="X",1,0)+IF(O34="X",1,0)+IF(P34="X",1,0)+IF(Q34="X",1,0)+IF(R34="X",1,0)+IF(S34="X",1,0)+IF(T34="X",1,0)+IF(U34="X",1,0)+IF(V34="X",1,0)+IF(W34="X",1,0)+IF(X34="X",1,0)+IF(Y34="X",1,0)+IF(Z34="X",1,0)+IF(AA34="X",1,0)+IF(AB34="X",1,0)+IF(AC34="X",1,0)+IF(AD34="X",1,0)+IF(AE34="X",1,0)+IF(AF34="X",1,0)+IF(AG34="X",1,0)+IF(AH34="X",1,0)+IF(AI34="X",1,0)+IF(AJ34="X",1,0)+IF(AK34="X",1,0)+IF(AL34="X",1,0)+IF(AM34="X",1,0)+IF(AN34="X",1,0)+IF(AO34="X",1,0),"") | AX34: =IF(B34<>"",IF(OR(F34="X",F34=10),1,0)+IF(OR(G34="X",G34=10),1,0)+IF(OR(H34="X",H34=10),1,0)+IF(OR(I34="X",I34=10),1,0)+IF(OR(J34="X",J34=10),1,0)+IF(OR(K34="X",K34=10),1,0)+IF(OR(L34="X",L34=10),1,0)+IF(OR(M34="X",M34=10),1,0)+IF(OR(N34="X",N34=10),1,0)+IF(OR(O34="X",O34=10),1,0)+IF(OR(P34="X",P34=10),1,0)+IF(OR(Q34="X",Q34=10),1,0)+IF(OR(R34="X",R34=10),1,0)+IF(OR(S34="X",S34=10),1,0)+IF(OR(T34="X",T34=10),1,0)+IF(OR(U34="X",U34=10),1,0)+IF(OR(V34="X",V34=10),1,0)+IF(OR(W34="X",W34=10),1,0)+IF(OR(X34="X",X34=10),1,0)+IF(OR(Y34="X",Y34=10),1,0)+IF(OR(Z34="X",Z34=10),1,0)+IF(OR(AA34="X",AA34=10),1,0)+IF(OR(AB34="X",AB34=10),1,0)+IF(OR(AC34="X",AC34=10),1,0)+IF(OR(AD34="X",AD34=10),1,0)+IF(OR(AE34="X",AE34=10),1,0)+IF(OR(AF34="X",AF34=10),1,0)+IF(OR(AG34="X",AG34=10),1,0)+IF(OR(AH34="X",AH34=10),1,0)+IF(OR(AI34="X",AI34=10),1,0)+IF(OR(AJ34="X",AJ34=10),1,0)+IF(OR(AK34="X",AK34=10),1,0)+IF(OR(AL34="X",AL34=10),1,0)+IF(OR(AM34="X",AM34=10),1,0)+IF(OR(AN34="X",AN34=10),1,0)+IF(OR(AO34="X",AO34=10),1,0),"") | AY34: =IF(B34<>"",IF(F34=9,1,0)+IF(G34=9,1,0)+IF(H34=9,1,0)+IF(I34=9,1,0)+IF(J34=9,1,0)+IF(K34=9,1,0)+IF(L34=9,1,0)+IF(M34=9,1,0)+IF(N34=9,1,0)+IF(O34=9,1,0)+IF(P34=9,1,0)+IF(Q34=9,1,0)+IF(R34=9,1,0)+IF(S34=9,1,0)+IF(T34=9,1,0)+IF(U34=9,1,0)+IF(V34=9,1,0)+IF(W34=9,1,0)+IF(X34=9,1,0)+IF(Y34=9,1,0)+IF(Z34=9,1,0)+IF(AA34=9,1,0)+IF(AB34=9,1,0)+IF(AC34=9,1,0)+IF(AD34=9,1,0)+IF(AE34=9,1,0)+IF(AF34=9,1,0)+IF(AG34=9,1,0)+IF(AH34=9,1,0)+IF(AI34=9,1,0)+IF(AJ34=9,1,0)+IF(AK34=9,1,0)+IF(AL34=9,1,0)+IF(AM34=9,1,0)+IF(AN34=9,1,0)+IF(AO34=9,1,0),"") | AZ34: =IF(B34<>"",SUMPRODUCT(($AV$6:$AV$1000>AV34)*ISNUMBER($AV$6:$AV$1000))+1+SUMPRODUCT(($AV$6:$AV$1000=AV34)*($AW$6:$AW$1000>AW34)*ISNUMBER($AV$6:$AV$1000)*ISNUMBER($AW$6:$AW$1000))+SUMPRODUCT(($AV$6:$AV$1000=AV34)*($AW$6:$AW$1000=AW34)*($AX$6:$AX$1000>AX34)*ISNUMBER($AV$6:$AV$1000)*ISNUMBER($AX$6:$AX$1000))+SUMPRODUCT(($AV$6:$AV$1000=AV34)*($AW$6:$AW$1000=AW34)*($AX$6:$AX$1000=AX34)*($AY$6:$AY$1000>AY34)*ISNUMBER($AV$6:$AV$1000)*ISNUMBER($AY$6:$AY$1000)),"") | BB34: =IF(B34<>"",SUMPRODUCT(($AV$6:$AV$1000>AV34)*ISNUMBER($AV$6:$AV$1000))+1+SUMPRODUCT(($AV$6:$AV$1000=AV34)*($AW$6:$AW$1000>AW34)*ISNUMBER($AV$6:$AV$1000)*ISNUMBER($AW$6:$AW$1000))+SUMPRODUCT(($AV$6:$AV$1000=AV34)*($AW$6:$AW$1000=AW34)*($AX$6:$AX$1000>AX34)*ISNUMBER($AV$6:$AV$1000)*ISNUMBER($AX$6:$AX$1000))+SUMPRODUCT(($AV$6:$AV$1000=AV34)*($AW$6:$AW$1000=AW34)*($AX$6:$AX$1000=AX34)*($AY$6:$AY$1000>AY34)*ISNUMBER($AV$6:$AV$1000)*ISNUMBER($AY$6:$AY$1000))+SUMPRODUCT(($AV$6:$AV$1000=AV34)*($AW$6:$AW$1000=AW34)*($AX$6:$AX$1000=AX34)*($AY$6:$AY$1000=AY34)*($BA$6:$BA$1000>BA34)*ISNUMBER($AV$6:$AV$1000)*ISNUMBER($BA$6:$BA$1000)),"")
A35: =IF(B35<>"",COUNTA($B$6:B35),"") | E35: =IF(B35="","",IF(COUNTA($B$6:$B$69)<=(E5-D5+1),(D5+MOD(A35-1,(E5-D5+1))),(D5+MOD(A35-1,(E5-D5+1)))&CHAR(65+FLOOR((A35-1)/(E5-D5+1),1)))) | AP35: =IF(B35<>"",IF(F35="X",10,IF(F35="M",0,IF(ISNUMBER(F35),F35,0)))+IF(G35="X",10,IF(G35="M",0,IF(ISNUMBER(G35),G35,0)))+IF(H35="X",10,IF(H35="M",0,IF(ISNUMBER(H35),H35,0)))+IF(I35="X",10,IF(I35="M",0,IF(ISNUMBER(I35),I35,0)))+IF(J35="X",10,IF(J35="M",0,IF(ISNUMBER(J35),J35,0)))+IF(K35="X",10,IF(K35="M",0,IF(ISNUMBER(K35),K35,0))),"") | AQ35: =IF(B35<>"",IF(L35="X",10,IF(L35="M",0,IF(ISNUMBER(L35),L35,0)))+IF(M35="X",10,IF(M35="M",0,IF(ISNUMBER(M35),M35,0)))+IF(N35="X",10,IF(N35="M",0,IF(ISNUMBER(N35),N35,0)))+IF(O35="X",10,IF(O35="M",0,IF(ISNUMBER(O35),O35,0)))+IF(P35="X",10,IF(P35="M",0,IF(ISNUMBER(P35),P35,0)))+IF(Q35="X",10,IF(Q35="M",0,IF(ISNUMBER(Q35),Q35,0))),"") | AR35: =IF(B35<>"",IF(R35="X",10,IF(R35="M",0,IF(ISNUMBER(R35),R35,0)))+IF(S35="X",10,IF(S35="M",0,IF(ISNUMBER(S35),S35,0)))+IF(T35="X",10,IF(T35="M",0,IF(ISNUMBER(T35),T35,0)))+IF(U35="X",10,IF(U35="M",0,IF(ISNUMBER(U35),U35,0)))+IF(V35="X",10,IF(V35="M",0,IF(ISNUMBER(V35),V35,0)))+IF(W35="X",10,IF(W35="M",0,IF(ISNUMBER(W35),W35,0))),"") | AS35: =IF(B35<>"",IF(X35="X",10,IF(X35="M",0,IF(ISNUMBER(X35),X35,0)))+IF(Y35="X",10,IF(Y35="M",0,IF(ISNUMBER(Y35),Y35,0)))+IF(Z35="X",10,IF(Z35="M",0,IF(ISNUMBER(Z35),Z35,0)))+IF(AA35="X",10,IF(AA35="M",0,IF(ISNUMBER(AA35),AA35,0)))+IF(AB35="X",10,IF(AB35="M",0,IF(ISNUMBER(AB35),AB35,0)))+IF(AC35="X",10,IF(AC35="M",0,IF(ISNUMBER(AC35),AC35,0))),"") | AT35: =IF(B35<>"",IF(AD35="X",10,IF(AD35="M",0,IF(ISNUMBER(AD35),AD35,0)))+IF(AE35="X",10,IF(AE35="M",0,IF(ISNUMBER(AE35),AE35,0)))+IF(AF35="X",10,IF(AF35="M",0,IF(ISNUMBER(AF35),AF35,0)))+IF(AG35="X",10,IF(AG35="M",0,IF(ISNUMBER(AG35),AG35,0)))+IF(AH35="X",10,IF(AH35="M",0,IF(ISNUMBER(AH35),AH35,0)))+IF(AI35="X",10,IF(AI35="M",0,IF(ISNUMBER(AI35),AI35,0))),"") | AU35: =IF(B35<>"",IF(AJ35="X",10,IF(AJ35="M",0,IF(ISNUMBER(AJ35),AJ35,0)))+IF(AK35="X",10,IF(AK35="M",0,IF(ISNUMBER(AK35),AK35,0)))+IF(AL35="X",10,IF(AL35="M",0,IF(ISNUMBER(AL35),AL35,0)))+IF(AM35="X",10,IF(AM35="M",0,IF(ISNUMBER(AM35),AM35,0)))+IF(AN35="X",10,IF(AN35="M",0,IF(ISNUMBER(AN35),AN35,0)))+IF(AO35="X",10,IF(AO35="M",0,IF(ISNUMBER(AO35),AO35,0))),"") | AV35: =IF(B35<>"",AP35+AQ35+AR35+AS35+AT35+AU35,"") | AW35: =IF(B35<>"",IF(F35="X",1,0)+IF(G35="X",1,0)+IF(H35="X",1,0)+IF(I35="X",1,0)+IF(J35="X",1,0)+IF(K35="X",1,0)+IF(L35="X",1,0)+IF(M35="X",1,0)+IF(N35="X",1,0)+IF(O35="X",1,0)+IF(P35="X",1,0)+IF(Q35="X",1,0)+IF(R35="X",1,0)+IF(S35="X",1,0)+IF(T35="X",1,0)+IF(U35="X",1,0)+IF(V35="X",1,0)+IF(W35="X",1,0)+IF(X35="X",1,0)+IF(Y35="X",1,0)+IF(Z35="X",1,0)+IF(AA35="X",1,0)+IF(AB35="X",1,0)+IF(AC35="X",1,0)+IF(AD35="X",1,0)+IF(AE35="X",1,0)+IF(AF35="X",1,0)+IF(AG35="X",1,0)+IF(AH35="X",1,0)+IF(AI35="X",1,0)+IF(AJ35="X",1,0)+IF(AK35="X",1,0)+IF(AL35="X",1,0)+IF(AM35="X",1,0)+IF(AN35="X",1,0)+IF(AO35="X",1,0),"") | AX35: =IF(B35<>"",IF(OR(F35="X",F35=10),1,0)+IF(OR(G35="X",G35=10),1,0)+IF(OR(H35="X",H35=10),1,0)+IF(OR(I35="X",I35=10),1,0)+IF(OR(J35="X",J35=10),1,0)+IF(OR(K35="X",K35=10),1,0)+IF(OR(L35="X",L35=10),1,0)+IF(OR(M35="X",M35=10),1,0)+IF(OR(N35="X",N35=10),1,0)+IF(OR(O35="X",O35=10),1,0)+IF(OR(P35="X",P35=10),1,0)+IF(OR(Q35="X",Q35=10),1,0)+IF(OR(R35="X",R35=10),1,0)+IF(OR(S35="X",S35=10),1,0)+IF(OR(T35="X",T35=10),1,0)+IF(OR(U35="X",U35=10),1,0)+IF(OR(V35="X",V35=10),1,0)+IF(OR(W35="X",W35=10),1,0)+IF(OR(X35="X",X35=10),1,0)+IF(OR(Y35="X",Y35=10),1,0)+IF(OR(Z35="X",Z35=10),1,0)+IF(OR(AA35="X",AA35=10),1,0)+IF(OR(AB35="X",AB35=10),1,0)+IF(OR(AC35="X",AC35=10),1,0)+IF(OR(AD35="X",AD35=10),1,0)+IF(OR(AE35="X",AE35=10),1,0)+IF(OR(AF35="X",AF35=10),1,0)+IF(OR(AG35="X",AG35=10),1,0)+IF(OR(AH35="X",AH35=10),1,0)+IF(OR(AI35="X",AI35=10),1,0)+IF(OR(AJ35="X",AJ35=10),1,0)+IF(OR(AK35="X",AK35=10),1,0)+IF(OR(AL35="X",AL35=10),1,0)+IF(OR(AM35="X",AM35=10),1,0)+IF(OR(AN35="X",AN35=10),1,0)+IF(OR(AO35="X",AO35=10),1,0),"") | AY35: =IF(B35<>"",IF(F35=9,1,0)+IF(G35=9,1,0)+IF(H35=9,1,0)+IF(I35=9,1,0)+IF(J35=9,1,0)+IF(K35=9,1,0)+IF(L35=9,1,0)+IF(M35=9,1,0)+IF(N35=9,1,0)+IF(O35=9,1,0)+IF(P35=9,1,0)+IF(Q35=9,1,0)+IF(R35=9,1,0)+IF(S35=9,1,0)+IF(T35=9,1,0)+IF(U35=9,1,0)+IF(V35=9,1,0)+IF(W35=9,1,0)+IF(X35=9,1,0)+IF(Y35=9,1,0)+IF(Z35=9,1,0)+IF(AA35=9,1,0)+IF(AB35=9,1,0)+IF(AC35=9,1,0)+IF(AD35=9,1,0)+IF(AE35=9,1,0)+IF(AF35=9,1,0)+IF(AG35=9,1,0)+IF(AH35=9,1,0)+IF(AI35=9,1,0)+IF(AJ35=9,1,0)+IF(AK35=9,1,0)+IF(AL35=9,1,0)+IF(AM35=9,1,0)+IF(AN35=9,1,0)+IF(AO35=9,1,0),"") | AZ35: =IF(B35<>"",SUMPRODUCT(($AV$6:$AV$1000>AV35)*ISNUMBER($AV$6:$AV$1000))+1+SUMPRODUCT(($AV$6:$AV$1000=AV35)*($AW$6:$AW$1000>AW35)*ISNUMBER($AV$6:$AV$1000)*ISNUMBER($AW$6:$AW$1000))+SUMPRODUCT(($AV$6:$AV$1000=AV35)*($AW$6:$AW$1000=AW35)*($AX$6:$AX$1000>AX35)*ISNUMBER($AV$6:$AV$1000)*ISNUMBER($AX$6:$AX$1000))+SUMPRODUCT(($AV$6:$AV$1000=AV35)*($AW$6:$AW$1000=AW35)*($AX$6:$AX$1000=AX35)*($AY$6:$AY$1000>AY35)*ISNUMBER($AV$6:$AV$1000)*ISNUMBER($AY$6:$AY$1000)),"") | BB35: =IF(B35<>"",SUMPRODUCT(($AV$6:$AV$1000>AV35)*ISNUMBER($AV$6:$AV$1000))+1+SUMPRODUCT(($AV$6:$AV$1000=AV35)*($AW$6:$AW$1000>AW35)*ISNUMBER($AV$6:$AV$1000)*ISNUMBER($AW$6:$AW$1000))+SUMPRODUCT(($AV$6:$AV$1000=AV35)*($AW$6:$AW$1000=AW35)*($AX$6:$AX$1000>AX35)*ISNUMBER($AV$6:$AV$1000)*ISNUMBER($AX$6:$AX$1000))+SUMPRODUCT(($AV$6:$AV$1000=AV35)*($AW$6:$AW$1000=AW35)*($AX$6:$AX$1000=AX35)*($AY$6:$AY$1000>AY35)*ISNUMBER($AV$6:$AV$1000)*ISNUMBER($AY$6:$AY$1000))+SUMPRODUCT(($AV$6:$AV$1000=AV35)*($AW$6:$AW$1000=AW35)*($AX$6:$AX$1000=AX35)*($AY$6:$AY$1000=AY35)*($BA$6:$BA$1000>BA35)*ISNUMBER($AV$6:$AV$1000)*ISNUMBER($BA$6:$BA$1000)),"")
A36: =IF(B36<>"",COUNTA($B$6:B36),"") | E36: =IF(B36="","",IF(COUNTA($B$6:$B$69)<=(E5-D5+1),(D5+MOD(A36-1,(E5-D5+1))),(D5+MOD(A36-1,(E5-D5+1)))&CHAR(65+FLOOR((A36-1)/(E5-D5+1),1)))) | AP36: =IF(B36<>"",IF(F36="X",10,IF(F36="M",0,IF(ISNUMBER(F36),F36,0)))+IF(G36="X",10,IF(G36="M",0,IF(ISNUMBER(G36),G36,0)))+IF(H36="X",10,IF(H36="M",0,IF(ISNUMBER(H36),H36,0)))+IF(I36="X",10,IF(I36="M",0,IF(ISNUMBER(I36),I36,0)))+IF(J36="X",10,IF(J36="M",0,IF(ISNUMBER(J36),J36,0)))+IF(K36="X",10,IF(K36="M",0,IF(ISNUMBER(K36),K36,0))),"") | AQ36: =IF(B36<>"",IF(L36="X",10,IF(L36="M",0,IF(ISNUMBER(L36),L36,0)))+IF(M36="X",10,IF(M36="M",0,IF(ISNUMBER(M36),M36,0)))+IF(N36="X",10,IF(N36="M",0,IF(ISNUMBER(N36),N36,0)))+IF(O36="X",10,IF(O36="M",0,IF(ISNUMBER(O36),O36,0)))+IF(P36="X",10,IF(P36="M",0,IF(ISNUMBER(P36),P36,0)))+IF(Q36="X",10,IF(Q36="M",0,IF(ISNUMBER(Q36),Q36,0))),"") | AR36: =IF(B36<>"",IF(R36="X",10,IF(R36="M",0,IF(ISNUMBER(R36),R36,0)))+IF(S36="X",10,IF(S36="M",0,IF(ISNUMBER(S36),S36,0)))+IF(T36="X",10,IF(T36="M",0,IF(ISNUMBER(T36),T36,0)))+IF(U36="X",10,IF(U36="M",0,IF(ISNUMBER(U36),U36,0)))+IF(V36="X",10,IF(V36="M",0,IF(ISNUMBER(V36),V36,0)))+IF(W36="X",10,IF(W36="M",0,IF(ISNUMBER(W36),W36,0))),"") | AS36: =IF(B36<>"",IF(X36="X",10,IF(X36="M",0,IF(ISNUMBER(X36),X36,0)))+IF(Y36="X",10,IF(Y36="M",0,IF(ISNUMBER(Y36),Y36,0)))+IF(Z36="X",10,IF(Z36="M",0,IF(ISNUMBER(Z36),Z36,0)))+IF(AA36="X",10,IF(AA36="M",0,IF(ISNUMBER(AA36),AA36,0)))+IF(AB36="X",10,IF(AB36="M",0,IF(ISNUMBER(AB36),AB36,0)))+IF(AC36="X",10,IF(AC36="M",0,IF(ISNUMBER(AC36),AC36,0))),"") | AT36: =IF(B36<>"",IF(AD36="X",10,IF(AD36="M",0,IF(ISNUMBER(AD36),AD36,0)))+IF(AE36="X",10,IF(AE36="M",0,IF(ISNUMBER(AE36),AE36,0)))+IF(AF36="X",10,IF(AF36="M",0,IF(ISNUMBER(AF36),AF36,0)))+IF(AG36="X",10,IF(AG36="M",0,IF(ISNUMBER(AG36),AG36,0)))+IF(AH36="X",10,IF(AH36="M",0,IF(ISNUMBER(AH36),AH36,0)))+IF(AI36="X",10,IF(AI36="M",0,IF(ISNUMBER(AI36),AI36,0))),"") | AU36: =IF(B36<>"",IF(AJ36="X",10,IF(AJ36="M",0,IF(ISNUMBER(AJ36),AJ36,0)))+IF(AK36="X",10,IF(AK36="M",0,IF(ISNUMBER(AK36),AK36,0)))+IF(AL36="X",10,IF(AL36="M",0,IF(ISNUMBER(AL36),AL36,0)))+IF(AM36="X",10,IF(AM36="M",0,IF(ISNUMBER(AM36),AM36,0)))+IF(AN36="X",10,IF(AN36="M",0,IF(ISNUMBER(AN36),AN36,0)))+IF(AO36="X",10,IF(AO36="M",0,IF(ISNUMBER(AO36),AO36,0))),"") | AV36: =IF(B36<>"",AP36+AQ36+AR36+AS36+AT36+AU36,"") | AW36: =IF(B36<>"",IF(F36="X",1,0)+IF(G36="X",1,0)+IF(H36="X",1,0)+IF(I36="X",1,0)+IF(J36="X",1,0)+IF(K36="X",1,0)+IF(L36="X",1,0)+IF(M36="X",1,0)+IF(N36="X",1,0)+IF(O36="X",1,0)+IF(P36="X",1,0)+IF(Q36="X",1,0)+IF(R36="X",1,0)+IF(S36="X",1,0)+IF(T36="X",1,0)+IF(U36="X",1,0)+IF(V36="X",1,0)+IF(W36="X",1,0)+IF(X36="X",1,0)+IF(Y36="X",1,0)+IF(Z36="X",1,0)+IF(AA36="X",1,0)+IF(AB36="X",1,0)+IF(AC36="X",1,0)+IF(AD36="X",1,0)+IF(AE36="X",1,0)+IF(AF36="X",1,0)+IF(AG36="X",1,0)+IF(AH36="X",1,0)+IF(AI36="X",1,0)+IF(AJ36="X",1,0)+IF(AK36="X",1,0)+IF(AL36="X",1,0)+IF(AM36="X",1,0)+IF(AN36="X",1,0)+IF(AO36="X",1,0),"") | AX36: =IF(B36<>"",IF(OR(F36="X",F36=10),1,0)+IF(OR(G36="X",G36=10),1,0)+IF(OR(H36="X",H36=10),1,0)+IF(OR(I36="X",I36=10),1,0)+IF(OR(J36="X",J36=10),1,0)+IF(OR(K36="X",K36=10),1,0)+IF(OR(L36="X",L36=10),1,0)+IF(OR(M36="X",M36=10),1,0)+IF(OR(N36="X",N36=10),1,0)+IF(OR(O36="X",O36=10),1,0)+IF(OR(P36="X",P36=10),1,0)+IF(OR(Q36="X",Q36=10),1,0)+IF(OR(R36="X",R36=10),1,0)+IF(OR(S36="X",S36=10),1,0)+IF(OR(T36="X",T36=10),1,0)+IF(OR(U36="X",U36=10),1,0)+IF(OR(V36="X",V36=10),1,0)+IF(OR(W36="X",W36=10),1,0)+IF(OR(X36="X",X36=10),1,0)+IF(OR(Y36="X",Y36=10),1,0)+IF(OR(Z36="X",Z36=10),1,0)+IF(OR(AA36="X",AA36=10),1,0)+IF(OR(AB36="X",AB36=10),1,0)+IF(OR(AC36="X",AC36=10),1,0)+IF(OR(AD36="X",AD36=10),1,0)+IF(OR(AE36="X",AE36=10),1,0)+IF(OR(AF36="X",AF36=10),1,0)+IF(OR(AG36="X",AG36=10),1,0)+IF(OR(AH36="X",AH36=10),1,0)+IF(OR(AI36="X",AI36=10),1,0)+IF(OR(AJ36="X",AJ36=10),1,0)+IF(OR(AK36="X",AK36=10),1,0)+IF(OR(AL36="X",AL36=10),1,0)+IF(OR(AM36="X",AM36=10),1,0)+IF(OR(AN36="X",AN36=10),1,0)+IF(OR(AO36="X",AO36=10),1,0),"") | AY36: =IF(B36<>"",IF(F36=9,1,0)+IF(G36=9,1,0)+IF(H36=9,1,0)+IF(I36=9,1,0)+IF(J36=9,1,0)+IF(K36=9,1,0)+IF(L36=9,1,0)+IF(M36=9,1,0)+IF(N36=9,1,0)+IF(O36=9,1,0)+IF(P36=9,1,0)+IF(Q36=9,1,0)+IF(R36=9,1,0)+IF(S36=9,1,0)+IF(T36=9,1,0)+IF(U36=9,1,0)+IF(V36=9,1,0)+IF(W36=9,1,0)+IF(X36=9,1,0)+IF(Y36=9,1,0)+IF(Z36=9,1,0)+IF(AA36=9,1,0)+IF(AB36=9,1,0)+IF(AC36=9,1,0)+IF(AD36=9,1,0)+IF(AE36=9,1,0)+IF(AF36=9,1,0)+IF(AG36=9,1,0)+IF(AH36=9,1,0)+IF(AI36=9,1,0)+IF(AJ36=9,1,0)+IF(AK36=9,1,0)+IF(AL36=9,1,0)+IF(AM36=9,1,0)+IF(AN36=9,1,0)+IF(AO36=9,1,0),"") | AZ36: =IF(B36<>"",SUMPRODUCT(($AV$6:$AV$1000>AV36)*ISNUMBER($AV$6:$AV$1000))+1+SUMPRODUCT(($AV$6:$AV$1000=AV36)*($AW$6:$AW$1000>AW36)*ISNUMBER($AV$6:$AV$1000)*ISNUMBER($AW$6:$AW$1000))+SUMPRODUCT(($AV$6:$AV$1000=AV36)*($AW$6:$AW$1000=AW36)*($AX$6:$AX$1000>AX36)*ISNUMBER($AV$6:$AV$1000)*ISNUMBER($AX$6:$AX$1000))+SUMPRODUCT(($AV$6:$AV$1000=AV36)*($AW$6:$AW$1000=AW36)*($AX$6:$AX$1000=AX36)*($AY$6:$AY$1000>AY36)*ISNUMBER($AV$6:$AV$1000)*ISNUMBER($AY$6:$AY$1000)),"") | BB36: =IF(B36<>"",SUMPRODUCT(($AV$6:$AV$1000>AV36)*ISNUMBER($AV$6:$AV$1000))+1+SUMPRODUCT(($AV$6:$AV$1000=AV36)*($AW$6:$AW$1000>AW36)*ISNUMBER($AV$6:$AV$1000)*ISNUMBER($AW$6:$AW$1000))+SUMPRODUCT(($AV$6:$AV$1000=AV36)*($AW$6:$AW$1000=AW36)*($AX$6:$AX$1000>AX36)*ISNUMBER($AV$6:$AV$1000)*ISNUMBER($AX$6:$AX$1000))+SUMPRODUCT(($AV$6:$AV$1000=AV36)*($AW$6:$AW$1000=AW36)*($AX$6:$AX$1000=AX36)*($AY$6:$AY$1000>AY36)*ISNUMBER($AV$6:$AV$1000)*ISNUMBER($AY$6:$AY$1000))+SUMPRODUCT(($AV$6:$AV$1000=AV36)*($AW$6:$AW$1000=AW36)*($AX$6:$AX$1000=AX36)*($AY$6:$AY$1000=AY36)*($BA$6:$BA$1000>BA36)*ISNUMBER($AV$6:$AV$1000)*ISNUMBER($BA$6:$BA$1000)),"")
A37: =IF(B37<>"",COUNTA($B$6:B37),"") | E37: =IF(B37="","",IF(COUNTA($B$6:$B$69)<=(E5-D5+1),(D5+MOD(A37-1,(E5-D5+1))),(D5+MOD(A37-1,(E5-D5+1)))&CHAR(65+FLOOR((A37-1)/(E5-D5+1),1)))) | AP37: =IF(B37<>"",IF(F37="X",10,IF(F37="M",0,IF(ISNUMBER(F37),F37,0)))+IF(G37="X",10,IF(G37="M",0,IF(ISNUMBER(G37),G37,0)))+IF(H37="X",10,IF(H37="M",0,IF(ISNUMBER(H37),H37,0)))+IF(I37="X",10,IF(I37="M",0,IF(ISNUMBER(I37),I37,0)))+IF(J37="X",10,IF(J37="M",0,IF(ISNUMBER(J37),J37,0)))+IF(K37="X",10,IF(K37="M",0,IF(ISNUMBER(K37),K37,0))),"") | AQ37: =IF(B37<>"",IF(L37="X",10,IF(L37="M",0,IF(ISNUMBER(L37),L37,0)))+IF(M37="X",10,IF(M37="M",0,IF(ISNUMBER(M37),M37,0)))+IF(N37="X",10,IF(N37="M",0,IF(ISNUMBER(N37),N37,0)))+IF(O37="X",10,IF(O37="M",0,IF(ISNUMBER(O37),O37,0)))+IF(P37="X",10,IF(P37="M",0,IF(ISNUMBER(P37),P37,0)))+IF(Q37="X",10,IF(Q37="M",0,IF(ISNUMBER(Q37),Q37,0))),"") | AR37: =IF(B37<>"",IF(R37="X",10,IF(R37="M",0,IF(ISNUMBER(R37),R37,0)))+IF(S37="X",10,IF(S37="M",0,IF(ISNUMBER(S37),S37,0)))+IF(T37="X",10,IF(T37="M",0,IF(ISNUMBER(T37),T37,0)))+IF(U37="X",10,IF(U37="M",0,IF(ISNUMBER(U37),U37,0)))+IF(V37="X",10,IF(V37="M",0,IF(ISNUMBER(V37),V37,0)))+IF(W37="X",10,IF(W37="M",0,IF(ISNUMBER(W37),W37,0))),"") | AS37: =IF(B37<>"",IF(X37="X",10,IF(X37="M",0,IF(ISNUMBER(X37),X37,0)))+IF(Y37="X",10,IF(Y37="M",0,IF(ISNUMBER(Y37),Y37,0)))+IF(Z37="X",10,IF(Z37="M",0,IF(ISNUMBER(Z37),Z37,0)))+IF(AA37="X",10,IF(AA37="M",0,IF(ISNUMBER(AA37),AA37,0)))+IF(AB37="X",10,IF(AB37="M",0,IF(ISNUMBER(AB37),AB37,0)))+IF(AC37="X",10,IF(AC37="M",0,IF(ISNUMBER(AC37),AC37,0))),"") | AT37: =IF(B37<>"",IF(AD37="X",10,IF(AD37="M",0,IF(ISNUMBER(AD37),AD37,0)))+IF(AE37="X",10,IF(AE37="M",0,IF(ISNUMBER(AE37),AE37,0)))+IF(AF37="X",10,IF(AF37="M",0,IF(ISNUMBER(AF37),AF37,0)))+IF(AG37="X",10,IF(AG37="M",0,IF(ISNUMBER(AG37),AG37,0)))+IF(AH37="X",10,IF(AH37="M",0,IF(ISNUMBER(AH37),AH37,0)))+IF(AI37="X",10,IF(AI37="M",0,IF(ISNUMBER(AI37),AI37,0))),"") | AU37: =IF(B37<>"",IF(AJ37="X",10,IF(AJ37="M",0,IF(ISNUMBER(AJ37),AJ37,0)))+IF(AK37="X",10,IF(AK37="M",0,IF(ISNUMBER(AK37),AK37,0)))+IF(AL37="X",10,IF(AL37="M",0,IF(ISNUMBER(AL37),AL37,0)))+IF(AM37="X",10,IF(AM37="M",0,IF(ISNUMBER(AM37),AM37,0)))+IF(AN37="X",10,IF(AN37="M",0,IF(ISNUMBER(AN37),AN37,0)))+IF(AO37="X",10,IF(AO37="M",0,IF(ISNUMBER(AO37),AO37,0))),"") | AV37: =IF(B37<>"",AP37+AQ37+AR37+AS37+AT37+AU37,"") | AW37: =IF(B37<>"",IF(F37="X",1,0)+IF(G37="X",1,0)+IF(H37="X",1,0)+IF(I37="X",1,0)+IF(J37="X",1,0)+IF(K37="X",1,0)+IF(L37="X",1,0)+IF(M37="X",1,0)+IF(N37="X",1,0)+IF(O37="X",1,0)+IF(P37="X",1,0)+IF(Q37="X",1,0)+IF(R37="X",1,0)+IF(S37="X",1,0)+IF(T37="X",1,0)+IF(U37="X",1,0)+IF(V37="X",1,0)+IF(W37="X",1,0)+IF(X37="X",1,0)+IF(Y37="X",1,0)+IF(Z37="X",1,0)+IF(AA37="X",1,0)+IF(AB37="X",1,0)+IF(AC37="X",1,0)+IF(AD37="X",1,0)+IF(AE37="X",1,0)+IF(AF37="X",1,0)+IF(AG37="X",1,0)+IF(AH37="X",1,0)+IF(AI37="X",1,0)+IF(AJ37="X",1,0)+IF(AK37="X",1,0)+IF(AL37="X",1,0)+IF(AM37="X",1,0)+IF(AN37="X",1,0)+IF(AO37="X",1,0),"") | AX37: =IF(B37<>"",IF(OR(F37="X",F37=10),1,0)+IF(OR(G37="X",G37=10),1,0)+IF(OR(H37="X",H37=10),1,0)+IF(OR(I37="X",I37=10),1,0)+IF(OR(J37="X",J37=10),1,0)+IF(OR(K37="X",K37=10),1,0)+IF(OR(L37="X",L37=10),1,0)+IF(OR(M37="X",M37=10),1,0)+IF(OR(N37="X",N37=10),1,0)+IF(OR(O37="X",O37=10),1,0)+IF(OR(P37="X",P37=10),1,0)+IF(OR(Q37="X",Q37=10),1,0)+IF(OR(R37="X",R37=10),1,0)+IF(OR(S37="X",S37=10),1,0)+IF(OR(T37="X",T37=10),1,0)+IF(OR(U37="X",U37=10),1,0)+IF(OR(V37="X",V37=10),1,0)+IF(OR(W37="X",W37=10),1,0)+IF(OR(X37="X",X37=10),1,0)+IF(OR(Y37="X",Y37=10),1,0)+IF(OR(Z37="X",Z37=10),1,0)+IF(OR(AA37="X",AA37=10),1,0)+IF(OR(AB37="X",AB37=10),1,0)+IF(OR(AC37="X",AC37=10),1,0)+IF(OR(AD37="X",AD37=10),1,0)+IF(OR(AE37="X",AE37=10),1,0)+IF(OR(AF37="X",AF37=10),1,0)+IF(OR(AG37="X",AG37=10),1,0)+IF(OR(AH37="X",AH37=10),1,0)+IF(OR(AI37="X",AI37=10),1,0)+IF(OR(AJ37="X",AJ37=10),1,0)+IF(OR(AK37="X",AK37=10),1,0)+IF(OR(AL37="X",AL37=10),1,0)+IF(OR(AM37="X",AM37=10),1,0)+IF(OR(AN37="X",AN37=10),1,0)+IF(OR(AO37="X",AO37=10),1,0),"") | AY37: =IF(B37<>"",IF(F37=9,1,0)+IF(G37=9,1,0)+IF(H37=9,1,0)+IF(I37=9,1,0)+IF(J37=9,1,0)+IF(K37=9,1,0)+IF(L37=9,1,0)+IF(M37=9,1,0)+IF(N37=9,1,0)+IF(O37=9,1,0)+IF(P37=9,1,0)+IF(Q37=9,1,0)+IF(R37=9,1,0)+IF(S37=9,1,0)+IF(T37=9,1,0)+IF(U37=9,1,0)+IF(V37=9,1,0)+IF(W37=9,1,0)+IF(X37=9,1,0)+IF(Y37=9,1,0)+IF(Z37=9,1,0)+IF(AA37=9,1,0)+IF(AB37=9,1,0)+IF(AC37=9,1,0)+IF(AD37=9,1,0)+IF(AE37=9,1,0)+IF(AF37=9,1,0)+IF(AG37=9,1,0)+IF(AH37=9,1,0)+IF(AI37=9,1,0)+IF(AJ37=9,1,0)+IF(AK37=9,1,0)+IF(AL37=9,1,0)+IF(AM37=9,1,0)+IF(AN37=9,1,0)+IF(AO37=9,1,0),"") | AZ37: =IF(B37<>"",SUMPRODUCT(($AV$6:$AV$1000>AV37)*ISNUMBER($AV$6:$AV$1000))+1+SUMPRODUCT(($AV$6:$AV$1000=AV37)*($AW$6:$AW$1000>AW37)*ISNUMBER($AV$6:$AV$1000)*ISNUMBER($AW$6:$AW$1000))+SUMPRODUCT(($AV$6:$AV$1000=AV37)*($AW$6:$AW$1000=AW37)*($AX$6:$AX$1000>AX37)*ISNUMBER($AV$6:$AV$1000)*ISNUMBER($AX$6:$AX$1000))+SUMPRODUCT(($AV$6:$AV$1000=AV37)*($AW$6:$AW$1000=AW37)*($AX$6:$AX$1000=AX37)*($AY$6:$AY$1000>AY37)*ISNUMBER($AV$6:$AV$1000)*ISNUMBER($AY$6:$AY$1000)),"") | BB37: =IF(B37<>"",SUMPRODUCT(($AV$6:$AV$1000>AV37)*ISNUMBER($AV$6:$AV$1000))+1+SUMPRODUCT(($AV$6:$AV$1000=AV37)*($AW$6:$AW$1000>AW37)*ISNUMBER($AV$6:$AV$1000)*ISNUMBER($AW$6:$AW$1000))+SUMPRODUCT(($AV$6:$AV$1000=AV37)*($AW$6:$AW$1000=AW37)*($AX$6:$AX$1000>AX37)*ISNUMBER($AV$6:$AV$1000)*ISNUMBER($AX$6:$AX$1000))+SUMPRODUCT(($AV$6:$AV$1000=AV37)*($AW$6:$AW$1000=AW37)*($AX$6:$AX$1000=AX37)*($AY$6:$AY$1000>AY37)*ISNUMBER($AV$6:$AV$1000)*ISNUMBER($AY$6:$AY$1000))+SUMPRODUCT(($AV$6:$AV$1000=AV37)*($AW$6:$AW$1000=AW37)*($AX$6:$AX$1000=AX37)*($AY$6:$AY$1000=AY37)*($BA$6:$BA$1000>BA37)*ISNUMBER($AV$6:$AV$1000)*ISNUMBER($BA$6:$BA$1000)),"")
A38: =IF(B38<>"",COUNTA($B$6:B38),"") | E38: =IF(B38="","",IF(COUNTA($B$6:$B$69)<=(E5-D5+1),(D5+MOD(A38-1,(E5-D5+1))),(D5+MOD(A38-1,(E5-D5+1)))&CHAR(65+FLOOR((A38-1)/(E5-D5+1),1)))) | AP38: =IF(B38<>"",IF(F38="X",10,IF(F38="M",0,IF(ISNUMBER(F38),F38,0)))+IF(G38="X",10,IF(G38="M",0,IF(ISNUMBER(G38),G38,0)))+IF(H38="X",10,IF(H38="M",0,IF(ISNUMBER(H38),H38,0)))+IF(I38="X",10,IF(I38="M",0,IF(ISNUMBER(I38),I38,0)))+IF(J38="X",10,IF(J38="M",0,IF(ISNUMBER(J38),J38,0)))+IF(K38="X",10,IF(K38="M",0,IF(ISNUMBER(K38),K38,0))),"") | AQ38: =IF(B38<>"",IF(L38="X",10,IF(L38="M",0,IF(ISNUMBER(L38),L38,0)))+IF(M38="X",10,IF(M38="M",0,IF(ISNUMBER(M38),M38,0)))+IF(N38="X",10,IF(N38="M",0,IF(ISNUMBER(N38),N38,0)))+IF(O38="X",10,IF(O38="M",0,IF(ISNUMBER(O38),O38,0)))+IF(P38="X",10,IF(P38="M",0,IF(ISNUMBER(P38),P38,0)))+IF(Q38="X",10,IF(Q38="M",0,IF(ISNUMBER(Q38),Q38,0))),"") | AR38: =IF(B38<>"",IF(R38="X",10,IF(R38="M",0,IF(ISNUMBER(R38),R38,0)))+IF(S38="X",10,IF(S38="M",0,IF(ISNUMBER(S38),S38,0)))+IF(T38="X",10,IF(T38="M",0,IF(ISNUMBER(T38),T38,0)))+IF(U38="X",10,IF(U38="M",0,IF(ISNUMBER(U38),U38,0)))+IF(V38="X",10,IF(V38="M",0,IF(ISNUMBER(V38),V38,0)))+IF(W38="X",10,IF(W38="M",0,IF(ISNUMBER(W38),W38,0))),"") | AS38: =IF(B38<>"",IF(X38="X",10,IF(X38="M",0,IF(ISNUMBER(X38),X38,0)))+IF(Y38="X",10,IF(Y38="M",0,IF(ISNUMBER(Y38),Y38,0)))+IF(Z38="X",10,IF(Z38="M",0,IF(ISNUMBER(Z38),Z38,0)))+IF(AA38="X",10,IF(AA38="M",0,IF(ISNUMBER(AA38),AA38,0)))+IF(AB38="X",10,IF(AB38="M",0,IF(ISNUMBER(AB38),AB38,0)))+IF(AC38="X",10,IF(AC38="M",0,IF(ISNUMBER(AC38),AC38,0))),"") | AT38: =IF(B38<>"",IF(AD38="X",10,IF(AD38="M",0,IF(ISNUMBER(AD38),AD38,0)))+IF(AE38="X",10,IF(AE38="M",0,IF(ISNUMBER(AE38),AE38,0)))+IF(AF38="X",10,IF(AF38="M",0,IF(ISNUMBER(AF38),AF38,0)))+IF(AG38="X",10,IF(AG38="M",0,IF(ISNUMBER(AG38),AG38,0)))+IF(AH38="X",10,IF(AH38="M",0,IF(ISNUMBER(AH38),AH38,0)))+IF(AI38="X",10,IF(AI38="M",0,IF(ISNUMBER(AI38),AI38,0))),"") | AU38: =IF(B38<>"",IF(AJ38="X",10,IF(AJ38="M",0,IF(ISNUMBER(AJ38),AJ38,0)))+IF(AK38="X",10,IF(AK38="M",0,IF(ISNUMBER(AK38),AK38,0)))+IF(AL38="X",10,IF(AL38="M",0,IF(ISNUMBER(AL38),AL38,0)))+IF(AM38="X",10,IF(AM38="M",0,IF(ISNUMBER(AM38),AM38,0)))+IF(AN38="X",10,IF(AN38="M",0,IF(ISNUMBER(AN38),AN38,0)))+IF(AO38="X",10,IF(AO38="M",0,IF(ISNUMBER(AO38),AO38,0))),"") | AV38: =IF(B38<>"",AP38+AQ38+AR38+AS38+AT38+AU38,"") | AW38: =IF(B38<>"",IF(F38="X",1,0)+IF(G38="X",1,0)+IF(H38="X",1,0)+IF(I38="X",1,0)+IF(J38="X",1,0)+IF(K38="X",1,0)+IF(L38="X",1,0)+IF(M38="X",1,0)+IF(N38="X",1,0)+IF(O38="X",1,0)+IF(P38="X",1,0)+IF(Q38="X",1,0)+IF(R38="X",1,0)+IF(S38="X",1,0)+IF(T38="X",1,0)+IF(U38="X",1,0)+IF(V38="X",1,0)+IF(W38="X",1,0)+IF(X38="X",1,0)+IF(Y38="X",1,0)+IF(Z38="X",1,0)+IF(AA38="X",1,0)+IF(AB38="X",1,0)+IF(AC38="X",1,0)+IF(AD38="X",1,0)+IF(AE38="X",1,0)+IF(AF38="X",1,0)+IF(AG38="X",1,0)+IF(AH38="X",1,0)+IF(AI38="X",1,0)+IF(AJ38="X",1,0)+IF(AK38="X",1,0)+IF(AL38="X",1,0)+IF(AM38="X",1,0)+IF(AN38="X",1,0)+IF(AO38="X",1,0),"") | AX38: =IF(B38<>"",IF(OR(F38="X",F38=10),1,0)+IF(OR(G38="X",G38=10),1,0)+IF(OR(H38="X",H38=10),1,0)+IF(OR(I38="X",I38=10),1,0)+IF(OR(J38="X",J38=10),1,0)+IF(OR(K38="X",K38=10),1,0)+IF(OR(L38="X",L38=10),1,0)+IF(OR(M38="X",M38=10),1,0)+IF(OR(N38="X",N38=10),1,0)+IF(OR(O38="X",O38=10),1,0)+IF(OR(P38="X",P38=10),1,0)+IF(OR(Q38="X",Q38=10),1,0)+IF(OR(R38="X",R38=10),1,0)+IF(OR(S38="X",S38=10),1,0)+IF(OR(T38="X",T38=10),1,0)+IF(OR(U38="X",U38=10),1,0)+IF(OR(V38="X",V38=10),1,0)+IF(OR(W38="X",W38=10),1,0)+IF(OR(X38="X",X38=10),1,0)+IF(OR(Y38="X",Y38=10),1,0)+IF(OR(Z38="X",Z38=10),1,0)+IF(OR(AA38="X",AA38=10),1,0)+IF(OR(AB38="X",AB38=10),1,0)+IF(OR(AC38="X",AC38=10),1,0)+IF(OR(AD38="X",AD38=10),1,0)+IF(OR(AE38="X",AE38=10),1,0)+IF(OR(AF38="X",AF38=10),1,0)+IF(OR(AG38="X",AG38=10),1,0)+IF(OR(AH38="X",AH38=10),1,0)+IF(OR(AI38="X",AI38=10),1,0)+IF(OR(AJ38="X",AJ38=10),1,0)+IF(OR(AK38="X",AK38=10),1,0)+IF(OR(AL38="X",AL38=10),1,0)+IF(OR(AM38="X",AM38=10),1,0)+IF(OR(AN38="X",AN38=10),1,0)+IF(OR(AO38="X",AO38=10),1,0),"") | AY38: =IF(B38<>"",IF(F38=9,1,0)+IF(G38=9,1,0)+IF(H38=9,1,0)+IF(I38=9,1,0)+IF(J38=9,1,0)+IF(K38=9,1,0)+IF(L38=9,1,0)+IF(M38=9,1,0)+IF(N38=9,1,0)+IF(O38=9,1,0)+IF(P38=9,1,0)+IF(Q38=9,1,0)+IF(R38=9,1,0)+IF(S38=9,1,0)+IF(T38=9,1,0)+IF(U38=9,1,0)+IF(V38=9,1,0)+IF(W38=9,1,0)+IF(X38=9,1,0)+IF(Y38=9,1,0)+IF(Z38=9,1,0)+IF(AA38=9,1,0)+IF(AB38=9,1,0)+IF(AC38=9,1,0)+IF(AD38=9,1,0)+IF(AE38=9,1,0)+IF(AF38=9,1,0)+IF(AG38=9,1,0)+IF(AH38=9,1,0)+IF(AI38=9,1,0)+IF(AJ38=9,1,0)+IF(AK38=9,1,0)+IF(AL38=9,1,0)+IF(AM38=9,1,0)+IF(AN38=9,1,0)+IF(AO38=9,1,0),"") | AZ38: =IF(B38<>"",SUMPRODUCT(($AV$6:$AV$1000>AV38)*ISNUMBER($AV$6:$AV$1000))+1+SUMPRODUCT(($AV$6:$AV$1000=AV38)*($AW$6:$AW$1000>AW38)*ISNUMBER($AV$6:$AV$1000)*ISNUMBER($AW$6:$AW$1000))+SUMPRODUCT(($AV$6:$AV$1000=AV38)*($AW$6:$AW$1000=AW38)*($AX$6:$AX$1000>AX38)*ISNUMBER($AV$6:$AV$1000)*ISNUMBER($AX$6:$AX$1000))+SUMPRODUCT(($AV$6:$AV$1000=AV38)*($AW$6:$AW$1000=AW38)*($AX$6:$AX$1000=AX38)*($AY$6:$AY$1000>AY38)*ISNUMBER($AV$6:$AV$1000)*ISNUMBER($AY$6:$AY$1000)),"") | BB38: =IF(B38<>"",SUMPRODUCT(($AV$6:$AV$1000>AV38)*ISNUMBER($AV$6:$AV$1000))+1+SUMPRODUCT(($AV$6:$AV$1000=AV38)*($AW$6:$AW$1000>AW38)*ISNUMBER($AV$6:$AV$1000)*ISNUMBER($AW$6:$AW$1000))+SUMPRODUCT(($AV$6:$AV$1000=AV38)*($AW$6:$AW$1000=AW38)*($AX$6:$AX$1000>AX38)*ISNUMBER($AV$6:$AV$1000)*ISNUMBER($AX$6:$AX$1000))+SUMPRODUCT(($AV$6:$AV$1000=AV38)*($AW$6:$AW$1000=AW38)*($AX$6:$AX$1000=AX38)*($AY$6:$AY$1000>AY38)*ISNUMBER($AV$6:$AV$1000)*ISNUMBER($AY$6:$AY$1000))+SUMPRODUCT(($AV$6:$AV$1000=AV38)*($AW$6:$AW$1000=AW38)*($AX$6:$AX$1000=AX38)*($AY$6:$AY$1000=AY38)*($BA$6:$BA$1000>BA38)*ISNUMBER($AV$6:$AV$1000)*ISNUMBER($BA$6:$BA$1000)),"")
A39: =IF(B39<>"",COUNTA($B$6:B39),"") | E39: =IF(B39="","",IF(COUNTA($B$6:$B$69)<=(E5-D5+1),(D5+MOD(A39-1,(E5-D5+1))),(D5+MOD(A39-1,(E5-D5+1)))&CHAR(65+FLOOR((A39-1)/(E5-D5+1),1)))) | AP39: =IF(B39<>"",IF(F39="X",10,IF(F39="M",0,IF(ISNUMBER(F39),F39,0)))+IF(G39="X",10,IF(G39="M",0,IF(ISNUMBER(G39),G39,0)))+IF(H39="X",10,IF(H39="M",0,IF(ISNUMBER(H39),H39,0)))+IF(I39="X",10,IF(I39="M",0,IF(ISNUMBER(I39),I39,0)))+IF(J39="X",10,IF(J39="M",0,IF(ISNUMBER(J39),J39,0)))+IF(K39="X",10,IF(K39="M",0,IF(ISNUMBER(K39),K39,0))),"") | AQ39: =IF(B39<>"",IF(L39="X",10,IF(L39="M",0,IF(ISNUMBER(L39),L39,0)))+IF(M39="X",10,IF(M39="M",0,IF(ISNUMBER(M39),M39,0)))+IF(N39="X",10,IF(N39="M",0,IF(ISNUMBER(N39),N39,0)))+IF(O39="X",10,IF(O39="M",0,IF(ISNUMBER(O39),O39,0)))+IF(P39="X",10,IF(P39="M",0,IF(ISNUMBER(P39),P39,0)))+IF(Q39="X",10,IF(Q39="M",0,IF(ISNUMBER(Q39),Q39,0))),"") | AR39: =IF(B39<>"",IF(R39="X",10,IF(R39="M",0,IF(ISNUMBER(R39),R39,0)))+IF(S39="X",10,IF(S39="M",0,IF(ISNUMBER(S39),S39,0)))+IF(T39="X",10,IF(T39="M",0,IF(ISNUMBER(T39),T39,0)))+IF(U39="X",10,IF(U39="M",0,IF(ISNUMBER(U39),U39,0)))+IF(V39="X",10,IF(V39="M",0,IF(ISNUMBER(V39),V39,0)))+IF(W39="X",10,IF(W39="M",0,IF(ISNUMBER(W39),W39,0))),"") | AS39: =IF(B39<>"",IF(X39="X",10,IF(X39="M",0,IF(ISNUMBER(X39),X39,0)))+IF(Y39="X",10,IF(Y39="M",0,IF(ISNUMBER(Y39),Y39,0)))+IF(Z39="X",10,IF(Z39="M",0,IF(ISNUMBER(Z39),Z39,0)))+IF(AA39="X",10,IF(AA39="M",0,IF(ISNUMBER(AA39),AA39,0)))+IF(AB39="X",10,IF(AB39="M",0,IF(ISNUMBER(AB39),AB39,0)))+IF(AC39="X",10,IF(AC39="M",0,IF(ISNUMBER(AC39),AC39,0))),"") | AT39: =IF(B39<>"",IF(AD39="X",10,IF(AD39="M",0,IF(ISNUMBER(AD39),AD39,0)))+IF(AE39="X",10,IF(AE39="M",0,IF(ISNUMBER(AE39),AE39,0)))+IF(AF39="X",10,IF(AF39="M",0,IF(ISNUMBER(AF39),AF39,0)))+IF(AG39="X",10,IF(AG39="M",0,IF(ISNUMBER(AG39),AG39,0)))+IF(AH39="X",10,IF(AH39="M",0,IF(ISNUMBER(AH39),AH39,0)))+IF(AI39="X",10,IF(AI39="M",0,IF(ISNUMBER(AI39),AI39,0))),"") | AU39: =IF(B39<>"",IF(AJ39="X",10,IF(AJ39="M",0,IF(ISNUMBER(AJ39),AJ39,0)))+IF(AK39="X",10,IF(AK39="M",0,IF(ISNUMBER(AK39),AK39,0)))+IF(AL39="X",10,IF(AL39="M",0,IF(ISNUMBER(AL39),AL39,0)))+IF(AM39="X",10,IF(AM39="M",0,IF(ISNUMBER(AM39),AM39,0)))+IF(AN39="X",10,IF(AN39="M",0,IF(ISNUMBER(AN39),AN39,0)))+IF(AO39="X",10,IF(AO39="M",0,IF(ISNUMBER(AO39),AO39,0))),"") | AV39: =IF(B39<>"",AP39+AQ39+AR39+AS39+AT39+AU39,"") | AW39: =IF(B39<>"",IF(F39="X",1,0)+IF(G39="X",1,0)+IF(H39="X",1,0)+IF(I39="X",1,0)+IF(J39="X",1,0)+IF(K39="X",1,0)+IF(L39="X",1,0)+IF(M39="X",1,0)+IF(N39="X",1,0)+IF(O39="X",1,0)+IF(P39="X",1,0)+IF(Q39="X",1,0)+IF(R39="X",1,0)+IF(S39="X",1,0)+IF(T39="X",1,0)+IF(U39="X",1,0)+IF(V39="X",1,0)+IF(W39="X",1,0)+IF(X39="X",1,0)+IF(Y39="X",1,0)+IF(Z39="X",1,0)+IF(AA39="X",1,0)+IF(AB39="X",1,0)+IF(AC39="X",1,0)+IF(AD39="X",1,0)+IF(AE39="X",1,0)+IF(AF39="X",1,0)+IF(AG39="X",1,0)+IF(AH39="X",1,0)+IF(AI39="X",1,0)+IF(AJ39="X",1,0)+IF(AK39="X",1,0)+IF(AL39="X",1,0)+IF(AM39="X",1,0)+IF(AN39="X",1,0)+IF(AO39="X",1,0),"") | AX39: =IF(B39<>"",IF(OR(F39="X",F39=10),1,0)+IF(OR(G39="X",G39=10),1,0)+IF(OR(H39="X",H39=10),1,0)+IF(OR(I39="X",I39=10),1,0)+IF(OR(J39="X",J39=10),1,0)+IF(OR(K39="X",K39=10),1,0)+IF(OR(L39="X",L39=10),1,0)+IF(OR(M39="X",M39=10),1,0)+IF(OR(N39="X",N39=10),1,0)+IF(OR(O39="X",O39=10),1,0)+IF(OR(P39="X",P39=10),1,0)+IF(OR(Q39="X",Q39=10),1,0)+IF(OR(R39="X",R39=10),1,0)+IF(OR(S39="X",S39=10),1,0)+IF(OR(T39="X",T39=10),1,0)+IF(OR(U39="X",U39=10),1,0)+IF(OR(V39="X",V39=10),1,0)+IF(OR(W39="X",W39=10),1,0)+IF(OR(X39="X",X39=10),1,0)+IF(OR(Y39="X",Y39=10),1,0)+IF(OR(Z39="X",Z39=10),1,0)+IF(OR(AA39="X",AA39=10),1,0)+IF(OR(AB39="X",AB39=10),1,0)+IF(OR(AC39="X",AC39=10),1,0)+IF(OR(AD39="X",AD39=10),1,0)+IF(OR(AE39="X",AE39=10),1,0)+IF(OR(AF39="X",AF39=10),1,0)+IF(OR(AG39="X",AG39=10),1,0)+IF(OR(AH39="X",AH39=10),1,0)+IF(OR(AI39="X",AI39=10),1,0)+IF(OR(AJ39="X",AJ39=10),1,0)+IF(OR(AK39="X",AK39=10),1,0)+IF(OR(AL39="X",AL39=10),1,0)+IF(OR(AM39="X",AM39=10),1,0)+IF(OR(AN39="X",AN39=10),1,0)+IF(OR(AO39="X",AO39=10),1,0),"") | AY39: =IF(B39<>"",IF(F39=9,1,0)+IF(G39=9,1,0)+IF(H39=9,1,0)+IF(I39=9,1,0)+IF(J39=9,1,0)+IF(K39=9,1,0)+IF(L39=9,1,0)+IF(M39=9,1,0)+IF(N39=9,1,0)+IF(O39=9,1,0)+IF(P39=9,1,0)+IF(Q39=9,1,0)+IF(R39=9,1,0)+IF(S39=9,1,0)+IF(T39=9,1,0)+IF(U39=9,1,0)+IF(V39=9,1,0)+IF(W39=9,1,0)+IF(X39=9,1,0)+IF(Y39=9,1,0)+IF(Z39=9,1,0)+IF(AA39=9,1,0)+IF(AB39=9,1,0)+IF(AC39=9,1,0)+IF(AD39=9,1,0)+IF(AE39=9,1,0)+IF(AF39=9,1,0)+IF(AG39=9,1,0)+IF(AH39=9,1,0)+IF(AI39=9,1,0)+IF(AJ39=9,1,0)+IF(AK39=9,1,0)+IF(AL39=9,1,0)+IF(AM39=9,1,0)+IF(AN39=9,1,0)+IF(AO39=9,1,0),"") | AZ39: =IF(B39<>"",SUMPRODUCT(($AV$6:$AV$1000>AV39)*ISNUMBER($AV$6:$AV$1000))+1+SUMPRODUCT(($AV$6:$AV$1000=AV39)*($AW$6:$AW$1000>AW39)*ISNUMBER($AV$6:$AV$1000)*ISNUMBER($AW$6:$AW$1000))+SUMPRODUCT(($AV$6:$AV$1000=AV39)*($AW$6:$AW$1000=AW39)*($AX$6:$AX$1000>AX39)*ISNUMBER($AV$6:$AV$1000)*ISNUMBER($AX$6:$AX$1000))+SUMPRODUCT(($AV$6:$AV$1000=AV39)*($AW$6:$AW$1000=AW39)*($AX$6:$AX$1000=AX39)*($AY$6:$AY$1000>AY39)*ISNUMBER($AV$6:$AV$1000)*ISNUMBER($AY$6:$AY$1000)),"") | BB39: =IF(B39<>"",SUMPRODUCT(($AV$6:$AV$1000>AV39)*ISNUMBER($AV$6:$AV$1000))+1+SUMPRODUCT(($AV$6:$AV$1000=AV39)*($AW$6:$AW$1000>AW39)*ISNUMBER($AV$6:$AV$1000)*ISNUMBER($AW$6:$AW$1000))+SUMPRODUCT(($AV$6:$AV$1000=AV39)*($AW$6:$AW$1000=AW39)*($AX$6:$AX$1000>AX39)*ISNUMBER($AV$6:$AV$1000)*ISNUMBER($AX$6:$AX$1000))+SUMPRODUCT(($AV$6:$AV$1000=AV39)*($AW$6:$AW$1000=AW39)*($AX$6:$AX$1000=AX39)*($AY$6:$AY$1000>AY39)*ISNUMBER($AV$6:$AV$1000)*ISNUMBER($AY$6:$AY$1000))+SUMPRODUCT(($AV$6:$AV$1000=AV39)*($AW$6:$AW$1000=AW39)*($AX$6:$AX$1000=AX39)*($AY$6:$AY$1000=AY39)*($BA$6:$BA$1000>BA39)*ISNUMBER($AV$6:$AV$1000)*ISNUMBER($BA$6:$BA$1000)),"")
